vesselId,berthId,start,end
turpis,ultrices,2024-12-02 05:09:51,2024-08-15 00:10:50
feugiat,vivamus,2024-11-18 21:04:42,2024-08-31 17:42:20
sapien,vestibulum,2024-09-06 22:17:33,2024-06-25 03:33:46
pede,semper,2024-08-10 20:43:13,2025-02-05 17:42:54
eget,erat,2024-06-10 17:02:18,2024-05-23 08:13:33
vel,iaculis,2024-08-26 18:52:15,2025-03-13 09:07:07
ut,ligula,2024-06-30 21:32:34,2024-08-01 08:55:27
rutrum,ipsum,2024-10-18 22:47:26,2025-04-04 15:22:59
vulputate,consequat,2024-10-24 02:07:56,2025-05-10 18:17:06
eu,mi,2024-10-24 13:26:12,2024-09-02 17:17:44
leo,mauris,2025-01-29 20:29:20,2025-02-10 11:15:42
sed,congue,2025-01-18 14:29:20,2025-03-17 23:26:15
justo,phasellus,2024-11-17 09:21:03,2024-12-26 19:54:16
dapibus,cursus,2025-03-13 18:26:06,2024-11-30 11:56:30
duis,donec,2024-12-18 20:03:09,2024-06-22 12:19:39
at,eget,2025-02-11 02:03:13,2025-05-12 19:54:09
condimentum,sodales,2025-01-19 22:35:42,2024-07-14 11:38:36
luctus,sem,2024-10-16 15:11:22,2024-10-08 13:09:21
eros,pellentesque,2024-09-03 16:10:22,2024-05-23 10:56:31
ut,nulla,2025-02-26 09:01:38,2024-07-12 02:23:51
donec,posuere,2024-11-09 18:39:33,2025-04-23 19:21:34
venenatis,pede,2024-07-07 08:08:19,2024-09-29 20:37:37
quisque,quam,2025-02-19 06:57:52,2024-06-13 23:40:00
at,id,2024-09-21 12:39:23,2024-08-02 23:56:54
accumsan,ipsum,2025-05-10 16:06:16,2024-07-15 05:58:05
nonummy,et,2025-01-01 16:15:52,2024-10-16 04:22:35
dolor,nam,2025-04-14 10:38:10,2025-04-15 16:28:05
eu,nam,2024-08-27 20:22:25,2024-07-21 03:06:36
eu,quisque,2024-09-22 00:36:56,2025-01-24 09:25:20
dui,sapien,2024-09-17 18:22:58,2024-05-26 13:05:36
tortor,morbi,2024-10-02 13:24:54,2025-03-02 23:52:34
enim,integer,2025-04-04 00:32:42,2025-04-01 02:24:58
interdum,curae,2024-09-04 02:59:54,2024-07-22 08:21:42
nam,posuere,2025-04-19 19:25:46,2024-10-23 21:18:39
habitasse,ut,2025-01-25 19:28:03,2024-07-17 20:14:45
lorem,adipiscing,2024-11-05 16:55:05,2024-06-03 21:21:18
proin,nulla,2024-11-16 17:54:32,2024-08-13 21:27:28
aliquam,in,2025-04-02 20:40:30,2025-01-20 06:40:43
duis,venenatis,2024-06-11 15:31:20,2024-07-05 20:26:40
id,in,2024-05-27 23:00:09,2024-08-24 19:38:12
amet,suscipit,2024-06-09 19:39:36,2025-02-20 05:15:26
luctus,in,2024-07-17 15:55:44,2025-01-16 13:23:29
odio,varius,2024-09-02 22:02:38,2024-11-22 23:38:46
in,ac,2025-03-13 02:27:40,2024-09-23 20:58:24
tempor,ornare,2024-06-01 21:44:40,2024-06-16 01:06:40
id,mauris,2024-12-27 18:10:49,2025-04-16 18:17:39
sem,erat,2025-03-31 11:36:29,2025-03-15 17:42:15
nam,id,2024-05-29 00:31:49,2024-05-17 05:18:05
ut,ac,2025-01-22 02:09:00,2024-12-01 05:20:04
phasellus,adipiscing,2024-08-09 13:29:40,2025-03-11 05:30:44
tortor,nulla,2024-11-01 01:15:58,2025-02-28 15:48:25
volutpat,vestibulum,2024-09-24 16:58:18,2024-07-11 20:03:55
lacus,libero,2024-07-07 13:27:35,2024-07-11 05:05:55
id,id,2024-11-26 21:50:13,2024-11-01 07:23:55
mauris,massa,2024-08-17 13:07:44,2025-05-12 11:37:40
sit,ridiculus,2024-11-22 12:02:15,2024-08-24 09:51:48
mauris,convallis,2024-06-06 13:44:55,2024-06-20 19:02:20
blandit,sit,2024-07-09 21:33:51,2025-05-05 18:45:41
sit,felis,2025-05-04 08:20:07,2024-11-18 21:19:55
aliquet,semper,2025-03-30 09:16:02,2024-07-09 15:34:22
ac,nulla,2024-08-23 20:01:03,2025-02-14 07:03:19
volutpat,sed,2024-08-08 18:42:25,2024-10-22 11:36:07
magna,morbi,2024-06-02 04:50:31,2024-08-14 01:04:50
dictumst,consequat,2024-10-24 14:19:32,2024-10-28 00:03:58
lacinia,nisl,2025-01-09 16:04:56,2024-12-03 03:35:55
porta,interdum,2024-09-02 08:36:28,2025-04-19 19:52:33
primis,eleifend,2024-12-02 14:14:08,2025-01-11 16:06:04
orci,magna,2025-03-03 09:43:30,2025-03-16 17:38:43
nullam,ipsum,2024-07-31 00:35:48,2024-09-23 04:38:01
in,ut,2024-09-29 19:30:14,2024-12-30 16:19:32
dis,integer,2024-12-14 04:52:46,2025-01-04 23:28:05
vestibulum,blandit,2024-05-28 00:12:44,2024-11-28 20:44:05
integer,magnis,2024-07-10 15:57:38,2025-03-20 03:51:47
ut,vestibulum,2024-06-27 12:43:40,2024-08-29 03:21:20
nulla,non,2024-08-21 16:43:17,2024-09-08 01:45:53
lobortis,massa,2024-10-13 11:20:26,2024-05-22 21:04:44
placerat,posuere,2024-06-16 14:04:29,2024-09-04 04:44:34
ante,id,2024-07-30 09:01:10,2025-02-24 19:44:31
est,in,2024-12-05 09:32:54,2025-01-26 14:29:18
in,lorem,2024-10-20 08:26:24,2024-07-06 21:30:14
donec,eu,2024-09-11 03:45:57,2024-11-28 13:58:34
in,tortor,2025-02-13 19:26:26,2025-04-22 18:42:22
lectus,accumsan,2025-01-08 05:10:47,2024-07-23 03:18:31
erat,quam,2024-11-24 16:58:48,2025-01-12 13:34:12
phasellus,arcu,2025-03-06 13:11:58,2024-10-22 08:18:29
natoque,duis,2024-12-04 16:12:09,2025-01-01 22:11:22
pulvinar,pharetra,2024-09-26 10:45:15,2024-12-10 14:33:49
nisi,praesent,2025-01-19 04:10:50,2025-05-04 08:07:48
libero,vitae,2024-12-05 03:20:58,2025-03-22 15:27:19
in,morbi,2025-02-17 22:04:52,2024-05-20 16:19:57
ut,convallis,2024-10-02 00:45:00,2024-08-18 10:11:43
aliquet,vel,2024-12-06 03:47:05,2025-01-24 03:43:43
arcu,ut,2024-07-16 09:42:09,2024-06-07 05:22:54
accumsan,adipiscing,2024-07-14 01:21:10,2024-06-22 22:18:27
elementum,vestibulum,2024-11-13 13:19:23,2025-04-20 10:37:12
mauris,et,2024-10-03 17:58:17,2024-10-30 00:07:44
eget,lorem,2024-08-31 10:12:33,2024-09-26 06:21:37
duis,dapibus,2024-12-23 11:45:41,2024-11-20 21:51:19
ac,vestibulum,2025-01-08 02:43:36,2024-05-17 02:49:04
purus,lectus,2024-11-27 00:37:58,2025-03-01 08:35:23
cubilia,in,2024-06-20 21:14:28,2024-11-15 21:30:07
rhoncus,mattis,2025-03-09 05:09:06,2024-09-22 06:56:52
nisl,in,2024-07-18 13:25:30,2024-08-10 00:30:11
nulla,nisl,2025-04-21 09:29:58,2024-07-20 12:46:31
condimentum,non,2025-04-15 14:58:18,2024-09-07 21:26:21
et,commodo,2024-06-07 06:18:22,2025-03-05 20:05:17
maecenas,platea,2024-12-09 02:27:02,2025-05-09 04:30:21
a,dis,2024-09-18 10:13:38,2024-09-11 07:17:31
in,nam,2024-10-09 06:02:59,2024-06-22 18:38:58
blandit,vivamus,2024-12-27 12:02:02,2024-10-29 07:25:20
platea,nisl,2024-10-30 13:21:06,2025-01-23 21:55:51
odio,cursus,2024-09-20 13:54:11,2024-09-21 11:52:27
a,consequat,2024-06-10 15:55:09,2024-06-22 06:43:53
integer,curae,2024-08-27 14:15:43,2024-09-04 07:09:46
massa,ante,2024-12-11 23:37:48,2024-08-12 19:03:09
cras,faucibus,2024-09-20 20:58:02,2024-07-19 21:33:07
pharetra,quam,2024-09-04 13:40:29,2025-04-20 21:22:08
at,dapibus,2025-02-17 01:09:19,2024-07-27 10:47:55
pretium,orci,2024-05-28 17:50:12,2024-08-25 14:54:37
pellentesque,adipiscing,2024-07-17 00:32:20,2024-08-15 17:17:48
dis,rhoncus,2024-12-01 03:09:36,2024-12-29 07:09:36
in,nulla,2024-12-25 19:04:52,2024-06-23 11:11:16
sed,elit,2025-04-03 05:43:43,2024-12-24 05:43:15
est,at,2024-07-22 02:57:09,2024-07-09 21:07:15
faucibus,morbi,2025-04-24 12:34:19,2024-12-12 09:16:30
id,duis,2024-10-12 06:57:26,2024-10-11 07:32:09
et,quam,2024-07-10 05:11:20,2025-05-14 04:14:24
ipsum,ut,2024-06-19 01:14:06,2024-06-28 16:20:16
erat,in,2025-03-08 21:01:53,2024-07-11 12:41:18
odio,turpis,2024-06-21 04:19:01,2024-06-26 13:27:03
justo,in,2025-02-21 03:20:40,2024-09-15 09:53:40
ante,id,2024-11-05 20:04:31,2024-07-21 03:39:51
nibh,duis,2024-09-26 03:39:32,2024-09-19 13:46:45
et,quam,2024-10-01 21:20:58,2024-06-09 03:04:42
in,integer,2024-08-24 03:40:09,2024-10-24 20:12:12
id,nec,2025-03-10 07:37:19,2024-12-01 19:48:10
at,sit,2024-10-30 08:01:47,2024-12-24 19:28:20
lorem,ac,2024-11-02 02:47:19,2025-02-22 22:06:21
ac,dictumst,2024-08-04 15:14:38,2024-10-17 16:28:53
sed,convallis,2025-03-10 18:36:50,2024-12-01 13:57:09
tincidunt,mus,2025-02-25 07:30:36,2024-07-28 05:26:19
at,consequat,2024-09-21 07:19:43,2025-04-06 17:06:55
mattis,dis,2024-11-05 20:56:08,2024-07-31 12:25:54
praesent,risus,2024-06-24 11:02:02,2025-05-10 19:56:58
a,vel,2024-06-13 00:12:17,2025-01-08 18:04:12
laoreet,convallis,2024-11-16 21:17:37,2024-07-04 12:06:36
ut,nibh,2025-03-09 18:00:05,2024-06-30 18:18:53
felis,ullamcorper,2025-03-25 17:13:36,2024-05-30 01:21:00
molestie,lobortis,2024-11-19 01:14:18,2024-05-18 17:01:49
posuere,tincidunt,2025-03-21 06:43:25,2025-01-18 18:41:45
nunc,elit,2024-07-07 03:21:11,2024-12-31 20:39:27
maecenas,cubilia,2024-11-07 14:54:04,2024-07-08 18:46:48
enim,neque,2024-12-28 17:25:02,2024-07-28 21:39:32
lorem,hac,2024-10-20 11:58:53,2024-10-06 14:56:55
risus,lectus,2024-12-30 06:29:55,2024-07-04 04:21:15
nulla,eros,2025-03-02 16:10:14,2024-07-26 06:04:29
neque,lectus,2025-02-02 09:21:04,2024-11-11 11:12:12
morbi,lacinia,2024-11-13 00:00:37,2024-10-04 02:39:28
ac,sollicitudin,2024-06-10 04:25:12,2024-08-19 01:18:01
ligula,at,2024-09-10 19:33:02,2025-01-15 22:17:50
massa,a,2025-05-11 20:04:05,2024-08-31 05:18:00
vestibulum,ac,2024-05-24 21:17:09,2024-06-14 02:26:55
justo,est,2025-02-03 02:07:17,2024-09-15 21:32:05
in,sit,2025-03-17 18:59:18,2025-03-22 06:31:03
nisi,purus,2024-08-19 02:27:20,2024-12-28 21:31:40
ut,vel,2025-01-27 18:16:43,2024-06-17 03:35:51
odio,ultrices,2024-07-07 02:47:34,2025-03-10 03:31:47
luctus,neque,2024-08-16 15:55:01,2024-12-15 11:11:41
potenti,vitae,2025-04-30 09:34:23,2025-05-02 19:11:34
amet,nascetur,2024-09-12 08:53:01,2025-03-09 14:54:14
justo,ut,2024-12-04 00:32:52,2024-06-26 11:34:10
risus,urna,2024-07-14 17:02:39,2024-11-12 21:10:50
et,sit,2025-04-12 21:49:04,2024-08-31 22:01:38
mi,felis,2024-10-31 12:07:05,2025-05-07 05:14:00
elementum,ultrices,2024-07-27 08:14:56,2024-11-18 13:26:49
sagittis,feugiat,2024-10-27 11:30:41,2024-06-02 11:07:14
mus,hac,2025-03-31 15:42:30,2024-06-21 10:59:51
curae,pretium,2024-12-18 07:59:07,2024-08-19 05:15:06
nisi,in,2025-03-18 10:23:05,2024-10-08 21:19:25
cubilia,nulla,2025-03-10 00:43:07,2024-06-16 00:36:53
lacus,ante,2024-09-09 06:49:39,2025-01-09 21:13:27
sapien,leo,2025-02-10 10:03:43,2025-02-21 07:45:18
metus,nulla,2025-04-14 05:31:11,2024-06-10 12:14:23
ultrices,odio,2024-11-11 02:21:49,2024-07-02 18:57:40
ut,sapien,2024-12-14 18:10:53,2024-08-29 03:30:29
nulla,in,2024-07-06 10:56:21,2024-11-23 22:11:28
mattis,nulla,2024-06-23 14:26:36,2024-09-02 11:50:26
felis,erat,2024-11-27 03:27:40,2024-08-06 17:08:49
id,vel,2024-09-20 20:29:59,2024-10-08 05:45:22
et,mauris,2024-10-19 04:53:13,2024-06-03 20:03:03
molestie,est,2024-07-01 09:19:22,2025-01-22 18:44:26
nec,nulla,2024-12-16 10:15:54,2025-01-20 20:27:00
eget,diam,2024-12-07 23:24:08,2024-10-03 13:43:05
in,aliquam,2024-06-04 20:02:02,2025-02-04 03:54:06
pellentesque,primis,2024-07-23 01:24:34,2024-08-14 15:31:07
morbi,ut,2024-12-24 19:17:41,2025-04-18 12:50:55
habitasse,potenti,2025-02-13 23:01:59,2025-02-22 09:07:21
rhoncus,imperdiet,2025-02-11 02:41:20,2025-01-24 16:06:15
eros,accumsan,2024-12-16 01:26:34,2025-02-16 13:23:18
tempus,vivamus,2024-06-26 08:25:27,2024-07-14 11:15:27
praesent,urna,2025-05-01 14:29:51,2024-07-02 01:55:56
ultrices,tincidunt,2024-08-08 20:16:55,2025-03-19 05:46:25
maecenas,ipsum,2024-08-25 07:16:06,2025-05-16 05:18:39
scelerisque,etiam,2024-12-31 18:41:11,2025-02-04 03:08:11
posuere,sit,2025-02-19 14:55:22,2025-03-26 15:30:56
varius,vel,2024-12-13 00:49:49,2024-06-19 09:15:29
pellentesque,nunc,2024-06-23 17:13:08,2024-09-25 19:24:02
sit,in,2024-10-31 13:08:16,2025-04-03 11:23:10
sit,felis,2024-08-18 09:02:53,2024-08-25 01:38:00
luctus,scelerisque,2024-12-25 22:58:00,2025-05-02 06:34:42
libero,vel,2024-10-23 08:10:05,2024-12-01 03:26:01
pellentesque,nunc,2024-09-24 14:14:44,2024-12-28 13:25:44
rutrum,eros,2024-06-16 20:50:04,2024-10-04 01:42:19
lectus,morbi,2024-06-25 03:13:56,2024-08-11 22:27:19
sapien,non,2024-07-30 13:01:29,2024-09-20 10:49:05
mattis,bibendum,2024-06-28 23:11:00,2024-09-19 05:26:05
ipsum,nunc,2025-01-22 05:42:55,2025-04-01 19:25:19
rutrum,tortor,2024-11-07 18:30:45,2024-06-07 13:34:43
suspendisse,orci,2024-09-01 07:43:48,2025-03-19 00:05:17
erat,proin,2025-04-09 10:30:23,2024-12-06 13:15:03
purus,velit,2025-03-19 23:28:41,2024-12-11 14:16:58
molestie,at,2024-08-11 09:29:18,2024-05-24 00:45:15
congue,turpis,2024-09-15 15:30:42,2024-10-12 07:58:48
semper,quisque,2024-09-04 22:20:26,2024-10-20 21:38:35
curabitur,non,2024-11-25 04:47:46,2024-11-21 01:44:55
sit,velit,2024-09-26 17:11:55,2024-05-22 19:45:43
tempor,vel,2024-09-16 18:08:45,2024-11-28 21:38:41
quis,nulla,2024-09-05 12:44:44,2024-10-07 07:51:14
interdum,sem,2025-02-25 21:41:22,2025-01-18 20:19:48
praesent,ut,2024-09-11 19:05:11,2024-11-27 08:07:33
cubilia,nisi,2024-10-04 17:52:43,2025-04-11 18:27:21
vestibulum,orci,2024-10-23 07:04:06,2024-11-17 07:26:52
nisi,vivamus,2024-10-12 08:47:31,2024-10-17 15:08:14
nec,rhoncus,2024-12-20 02:20:05,2024-07-26 13:57:01
vitae,amet,2025-01-22 10:27:49,2025-04-26 05:56:23
in,scelerisque,2025-01-01 07:29:47,2025-02-26 22:07:17
cubilia,quis,2024-10-16 16:17:46,2024-07-13 20:27:47
praesent,augue,2024-07-03 23:12:15,2024-11-14 06:52:45
viverra,tortor,2025-02-13 19:22:37,2024-09-09 11:45:12
dis,dolor,2025-03-21 05:25:38,2024-06-07 15:04:45
varius,posuere,2024-11-20 11:53:54,2024-09-15 00:48:22
justo,justo,2025-03-21 04:15:51,2024-11-07 22:38:57
consequat,orci,2025-04-17 19:08:44,2024-08-18 12:55:05
convallis,pellentesque,2025-02-21 14:55:02,2024-07-26 02:11:58
curabitur,eu,2024-09-12 12:22:06,2025-03-07 10:23:39
ultrices,erat,2024-11-01 13:57:33,2025-04-14 05:05:26
rutrum,amet,2024-07-02 04:40:17,2024-08-30 23:27:55
diam,lectus,2024-06-05 09:46:48,2024-10-25 01:08:16
nibh,semper,2025-05-08 08:57:07,2024-10-14 08:14:43
in,cursus,2024-06-17 19:33:07,2025-03-07 01:22:26
posuere,bibendum,2024-12-06 05:19:36,2025-01-27 20:58:58
posuere,tincidunt,2024-08-11 20:22:39,2024-08-08 03:23:11
congue,in,2025-05-12 13:33:37,2024-10-06 23:40:23
rutrum,curabitur,2024-06-21 21:37:16,2024-08-17 21:37:39
nibh,vel,2024-11-13 22:02:49,2024-07-10 20:01:30
eu,faucibus,2024-09-05 00:12:20,2024-11-27 20:05:55
posuere,et,2025-05-02 05:15:36,2024-09-20 16:46:50
suscipit,nisl,2024-12-14 14:37:30,2024-10-29 12:32:16
integer,eget,2024-09-17 20:51:07,2024-10-19 01:29:17
ipsum,pulvinar,2024-06-25 02:20:46,2024-06-21 05:14:42
id,elementum,2025-03-22 21:57:50,2025-04-09 09:52:49
ac,pretium,2024-05-21 16:20:28,2025-02-27 08:32:42
magna,ut,2024-05-28 23:43:13,2024-09-29 17:40:15
imperdiet,hendrerit,2024-05-17 19:30:45,2024-11-22 01:36:25
nullam,cursus,2024-08-20 22:36:52,2024-11-20 05:40:47
donec,etiam,2024-09-28 12:15:53,2025-02-18 12:57:41
vitae,nisl,2025-03-25 17:36:50,2024-11-15 09:35:46
non,erat,2025-02-27 05:06:57,2024-09-11 19:26:51
penatibus,mus,2024-12-27 20:44:05,2025-02-19 21:14:21
suspendisse,magna,2025-04-27 04:57:13,2024-07-05 04:14:44
pulvinar,lobortis,2024-11-28 02:43:07,2025-04-16 01:37:44
dignissim,vel,2024-11-03 22:56:03,2024-09-03 22:59:01
tempus,purus,2024-06-09 20:13:15,2025-05-08 15:18:21
eleifend,fusce,2024-07-29 16:46:21,2024-12-08 23:59:18
vulputate,mattis,2025-01-02 19:01:00,2025-02-11 21:30:31
pellentesque,nibh,2025-03-05 21:03:30,2024-10-18 01:59:21
eget,lacinia,2024-06-25 11:30:39,2024-06-08 07:38:34
eu,est,2025-03-31 08:11:21,2025-02-27 23:43:22
commodo,feugiat,2025-01-03 14:49:10,2024-08-28 02:06:13
ultrices,diam,2024-06-04 12:18:28,2024-09-11 21:35:50
morbi,amet,2024-12-04 14:19:30,2025-02-18 01:44:54
lacus,rutrum,2025-04-17 06:19:47,2024-08-27 11:39:35
ut,convallis,2025-01-21 23:17:58,2024-11-13 10:45:41
eget,donec,2024-12-16 20:53:05,2025-02-04 23:25:09
at,duis,2025-01-04 09:56:00,2024-10-10 09:52:19
in,non,2025-02-16 12:31:20,2024-10-14 11:51:29
vitae,proin,2024-09-17 11:44:44,2024-08-02 06:56:15
nibh,morbi,2024-08-24 04:33:07,2024-09-05 12:24:19
eleifend,morbi,2024-11-02 08:06:35,2025-04-03 14:56:01
pellentesque,nullam,2024-09-04 20:47:03,2024-07-07 17:21:23
eros,lectus,2025-03-11 01:59:42,2025-05-01 18:51:10
vivamus,vel,2024-07-02 10:48:44,2024-09-17 20:32:50
odio,sapien,2024-05-27 12:23:15,2025-04-23 22:12:56
vitae,etiam,2024-06-29 07:22:51,2024-10-14 03:13:24
ut,lacus,2024-12-03 21:22:41,2024-10-07 03:24:09
semper,rutrum,2024-07-22 16:47:59,2025-01-29 20:58:41
volutpat,vestibulum,2024-06-08 10:30:05,2025-05-15 14:28:26
cubilia,ultrices,2025-03-10 02:11:34,2024-12-22 01:05:25
consectetuer,ante,2024-05-17 23:25:03,2024-05-23 11:13:50
congue,cubilia,2024-11-26 06:37:27,2024-09-30 05:24:26
non,mauris,2025-01-31 04:16:43,2024-12-23 17:09:10
posuere,quis,2024-06-19 06:02:50,2025-03-22 04:53:59
tortor,nam,2025-05-02 04:31:36,2024-05-23 04:10:12
morbi,tristique,2024-10-23 22:14:49,2025-02-10 09:49:29
rutrum,donec,2024-12-22 08:36:25,2025-04-05 21:38:00
luctus,justo,2025-04-27 07:03:40,2024-06-23 06:20:19
morbi,ultrices,2024-09-02 07:18:52,2024-10-11 18:51:05
dictumst,nunc,2024-12-19 17:46:52,2025-02-02 17:46:25
pede,ipsum,2025-01-13 13:10:58,2024-09-24 21:02:29
nam,montes,2025-04-21 20:02:06,2025-04-02 02:29:58
turpis,maecenas,2024-07-30 08:33:12,2024-05-18 23:46:46
eros,in,2025-03-10 05:11:35,2024-10-04 15:42:23
quam,amet,2024-05-23 02:17:21,2024-08-08 19:18:32
volutpat,morbi,2024-09-27 14:46:30,2025-03-03 10:25:42
luctus,ultrices,2024-05-18 18:18:38,2025-01-25 10:38:36
ullamcorper,quis,2024-07-19 17:39:56,2024-10-04 15:42:20
pretium,mollis,2024-11-25 00:17:13,2025-01-28 09:24:12
libero,proin,2025-03-19 15:47:12,2024-12-17 13:23:15
quam,vestibulum,2024-06-14 03:59:59,2025-01-08 21:16:42
ac,nisl,2024-06-17 13:42:43,2024-11-28 20:07:37
donec,suspendisse,2024-06-16 22:10:26,2024-09-25 21:20:53
nunc,amet,2024-10-16 22:58:05,2025-03-09 05:46:27
bibendum,vivamus,2024-12-15 23:34:23,2024-06-25 23:05:55
ipsum,id,2024-07-12 17:38:02,2024-11-19 16:00:21
proin,ullamcorper,2025-04-26 15:26:52,2024-08-24 01:47:22
erat,lorem,2025-05-15 04:13:31,2024-07-10 02:49:59
pharetra,ac,2024-10-26 00:19:52,2024-10-21 19:53:44
malesuada,ante,2024-10-31 10:27:16,2024-12-09 00:36:26
turpis,ipsum,2024-07-21 04:45:18,2025-02-04 22:19:15
a,lacus,2025-01-23 04:07:02,2024-12-05 14:51:27
ridiculus,duis,2024-08-23 22:32:46,2025-04-29 20:45:22
vel,sapien,2024-06-12 03:22:47,2024-10-30 11:26:13
consequat,tempor,2024-05-20 13:58:40,2024-10-18 02:25:20
semper,montes,2024-09-29 23:25:10,2025-01-30 12:58:37
nibh,velit,2024-11-25 23:39:53,2025-03-02 11:23:32
nunc,est,2025-05-14 14:59:50,2025-05-04 08:54:37
odio,semper,2024-10-22 03:44:34,2024-09-10 19:37:29
maecenas,metus,2025-04-24 07:02:13,2024-06-07 09:00:49
dapibus,donec,2024-08-10 00:35:31,2025-02-27 03:58:00
amet,ante,2025-03-25 08:57:05,2024-07-29 00:26:53
nam,justo,2024-07-12 03:51:43,2024-12-12 13:29:01
fusce,ligula,2025-03-08 17:43:19,2024-05-31 07:45:50
nisl,vel,2024-06-15 01:25:46,2024-06-02 11:06:43
condimentum,cras,2024-09-17 09:49:12,2025-02-13 14:41:35
nunc,eu,2024-10-29 12:46:27,2024-08-15 01:36:17
ut,consectetuer,2024-07-09 08:11:07,2025-04-16 04:53:06
quam,in,2024-07-13 17:08:20,2024-08-09 14:09:03
enim,interdum,2025-01-26 15:12:41,2025-01-02 05:43:14
enim,congue,2024-09-06 00:32:35,2024-09-13 19:47:21
justo,pellentesque,2024-09-05 09:34:42,2024-06-28 18:47:57
in,ipsum,2024-09-15 12:01:02,2025-01-05 14:34:51
integer,convallis,2024-09-08 20:11:09,2024-10-25 15:08:42
tempus,aliquam,2025-04-09 23:07:56,2025-04-28 23:16:11
nulla,tincidunt,2025-04-05 21:04:24,2024-10-23 08:25:29
sem,imperdiet,2024-07-15 01:57:41,2025-02-27 00:05:28
suspendisse,mauris,2024-06-10 20:45:52,2024-06-10 12:46:02
pede,aliquet,2024-11-18 15:25:42,2024-11-07 05:52:37
primis,etiam,2024-09-24 11:37:40,2024-08-04 06:42:14
lectus,justo,2024-12-31 17:45:35,2025-04-17 09:48:47
proin,eget,2024-08-13 10:32:11,2024-07-16 03:43:48
dolor,nam,2025-02-12 17:57:09,2024-12-11 09:29:35
auctor,erat,2025-04-16 22:17:13,2025-02-02 10:12:57
lorem,primis,2024-06-29 03:37:20,2024-11-04 01:43:00
pellentesque,vehicula,2025-01-07 08:27:20,2024-07-13 06:02:31
orci,convallis,2025-05-04 14:48:38,2025-05-03 14:55:32
convallis,interdum,2024-10-02 01:52:18,2024-06-09 22:26:39
ultrices,facilisi,2024-08-24 04:22:41,2025-01-09 08:15:06
at,ut,2025-01-31 05:45:16,2024-09-25 15:55:20
dolor,sed,2024-10-17 08:27:38,2025-01-28 17:23:48
scelerisque,vestibulum,2024-10-01 01:53:23,2024-07-16 07:16:43
et,ligula,2024-08-01 00:01:39,2024-06-30 06:03:56
suspendisse,in,2024-06-17 21:06:02,2025-03-01 07:27:43
diam,in,2024-08-22 22:50:17,2024-08-31 14:20:17
sociis,cras,2024-12-25 01:13:46,2024-11-24 15:39:36
felis,risus,2024-09-29 16:12:33,2025-05-01 21:28:40
sit,nunc,2025-04-12 12:07:00,2025-04-18 08:16:57
orci,elementum,2024-11-23 18:23:09,2024-05-20 05:23:09
in,condimentum,2024-08-07 17:32:38,2025-05-08 16:56:58
erat,odio,2025-04-04 23:21:21,2024-12-14 12:53:27
justo,leo,2025-01-07 04:41:36,2024-06-18 09:44:39
risus,in,2024-12-14 18:27:28,2024-08-28 06:58:31
laoreet,pede,2025-02-22 02:11:37,2025-01-04 17:33:08
platea,quam,2024-07-17 15:19:58,2024-10-27 11:45:49
vestibulum,vel,2024-07-23 06:42:02,2024-07-22 00:04:11
est,sit,2024-12-01 04:29:11,2024-08-11 01:50:34
eget,vitae,2025-01-06 11:10:25,2024-08-04 18:18:10
suscipit,at,2024-09-14 06:35:31,2024-10-11 13:30:05
mauris,nulla,2025-04-13 21:18:48,2025-04-01 23:00:29
vivamus,nulla,2024-12-25 21:37:12,2024-10-18 18:00:03
rutrum,at,2024-10-16 06:52:57,2025-03-17 19:13:40
adipiscing,sit,2024-09-04 10:17:15,2025-01-09 04:22:12
augue,sit,2025-03-04 05:43:14,2024-11-03 04:19:52
primis,vestibulum,2024-05-19 04:29:46,2025-05-15 01:33:31
sollicitudin,magna,2025-01-26 08:21:05,2025-01-18 16:08:11
nulla,pellentesque,2025-02-05 00:36:49,2024-10-30 09:07:21
sit,vulputate,2024-11-29 20:35:50,2025-04-02 22:16:30
aenean,vestibulum,2024-08-02 11:48:18,2025-01-18 20:24:32
ut,sollicitudin,2024-11-27 23:47:19,2024-10-30 16:44:15
morbi,lobortis,2025-03-27 17:09:52,2024-09-01 17:35:05
odio,risus,2024-09-01 14:21:46,2025-04-08 12:12:28
laoreet,nulla,2024-09-04 01:00:07,2024-12-22 22:02:56
fusce,convallis,2024-08-07 08:10:07,2024-10-01 17:51:33
condimentum,convallis,2024-06-05 00:20:42,2024-05-23 20:43:32
ipsum,lorem,2024-09-07 03:20:08,2024-05-21 16:22:20
pede,nibh,2024-10-28 09:37:40,2024-12-10 06:57:53
convallis,elementum,2024-10-14 00:30:14,2024-07-12 05:24:19
in,nascetur,2024-07-31 22:48:02,2025-03-23 21:28:42
volutpat,dui,2025-02-25 10:41:20,2024-12-24 10:32:47
at,sed,2024-08-27 18:54:39,2025-02-13 04:50:46
nec,orci,2024-08-13 18:37:21,2025-05-12 13:23:08
adipiscing,rutrum,2025-01-24 00:39:16,2024-12-31 08:37:11
phasellus,vitae,2024-07-27 18:45:45,2025-04-10 08:36:40
vestibulum,ultrices,2025-03-06 23:36:59,2024-12-10 14:58:01
a,viverra,2024-07-17 16:59:26,2024-12-23 18:50:42
vestibulum,at,2025-01-11 13:11:03,2024-06-26 20:20:29
pulvinar,mi,2024-12-06 17:01:44,2025-04-12 05:10:39
pede,porttitor,2024-08-31 09:08:51,2024-11-27 09:13:14
ac,aliquam,2025-03-25 18:45:38,2025-05-02 08:17:13
a,varius,2024-09-03 11:03:22,2025-02-28 15:02:13
enim,curabitur,2024-09-11 05:12:40,2024-11-19 19:04:00
nec,tellus,2025-01-30 12:32:41,2025-05-04 06:53:44
cubilia,rhoncus,2025-04-21 01:41:32,2025-01-07 21:12:31
magna,metus,2024-07-25 21:54:41,2025-02-18 13:25:49
donec,mauris,2024-10-20 18:18:49,2024-08-05 19:58:48
iaculis,vestibulum,2024-05-24 17:06:42,2024-06-30 14:43:35
in,ridiculus,2025-04-28 05:52:23,2024-07-05 05:48:01
sed,turpis,2025-02-15 17:58:56,2024-12-06 04:30:26
proin,vel,2024-08-21 04:08:38,2024-11-14 13:21:38
dapibus,ac,2024-10-28 11:51:10,2025-01-06 12:59:54
tempus,et,2025-01-28 22:16:42,2024-08-01 03:11:39
donec,dapibus,2025-03-27 10:01:15,2024-12-18 09:38:34
vulputate,neque,2025-03-26 21:05:13,2025-05-11 13:12:09
in,tristique,2024-09-03 06:10:50,2025-05-14 10:19:34
quam,vehicula,2024-09-18 04:26:48,2025-03-10 23:59:45
quis,in,2024-07-22 10:01:50,2025-02-19 07:22:57
diam,ornare,2024-11-19 19:25:08,2025-04-03 08:03:08
pellentesque,odio,2024-09-06 22:01:23,2025-02-03 22:01:43
bibendum,magna,2024-07-17 23:20:17,2025-02-24 01:58:52
justo,consequat,2024-08-31 16:30:39,2025-04-12 16:47:25
mauris,vulputate,2024-08-07 20:33:48,2024-11-27 10:23:47
feugiat,vestibulum,2024-06-02 22:46:14,2024-09-06 23:05:46
morbi,augue,2024-08-12 13:11:11,2024-10-15 08:30:37
aliquam,non,2024-08-13 22:10:55,2024-09-20 12:38:03
turpis,nulla,2024-05-28 09:54:00,2025-03-09 15:27:07
ut,nullam,2024-06-21 09:55:40,2024-07-03 04:02:37
purus,vestibulum,2025-02-28 17:37:44,2024-11-10 04:38:30
sit,ipsum,2025-02-24 17:53:27,2024-10-28 22:23:34
id,ridiculus,2025-03-21 02:43:31,2024-07-17 15:07:13
consequat,sit,2024-06-06 07:53:47,2025-04-19 12:35:46
praesent,fusce,2025-03-12 14:53:04,2025-04-11 21:58:13
ante,justo,2024-09-01 04:06:36,2024-07-29 12:00:56
justo,mi,2024-11-09 14:05:06,2024-12-02 19:21:39
congue,nulla,2025-01-19 18:46:20,2025-04-27 02:16:14
diam,posuere,2025-03-28 12:28:19,2024-07-20 15:25:15
libero,justo,2025-02-06 01:25:05,2025-02-12 15:43:06
pulvinar,vulputate,2024-10-14 19:18:10,2024-09-07 03:30:07
ipsum,donec,2024-08-18 15:49:36,2025-03-20 13:55:57
aliquam,tempus,2024-08-24 16:36:02,2025-04-01 21:50:08
ac,quis,2024-07-02 03:37:27,2024-12-15 21:56:10
magna,aliquet,2025-01-03 20:34:15,2024-12-15 13:33:59
rhoncus,odio,2025-03-07 06:51:41,2024-09-01 15:29:31
luctus,nulla,2024-12-18 11:11:36,2025-02-22 23:51:55
justo,at,2024-07-26 20:30:34,2024-12-20 00:39:06
sodales,at,2025-03-01 10:59:37,2024-09-09 22:38:14
sollicitudin,in,2024-12-21 09:02:14,2024-12-21 12:21:21
nascetur,amet,2024-10-22 20:36:26,2024-05-25 11:46:27
consequat,ut,2025-01-23 04:24:11,2025-03-14 01:53:30
rhoncus,in,2024-10-01 14:43:18,2024-07-11 05:40:04
massa,non,2024-07-04 07:48:42,2024-08-04 17:35:39
nulla,orci,2024-11-08 02:10:01,2025-02-06 01:12:34
proin,mattis,2024-09-17 09:39:43,2025-05-02 08:12:59
sapien,in,2024-12-20 14:17:36,2024-09-16 11:34:04
porta,lacinia,2025-02-09 15:58:08,2025-03-31 21:15:21
in,nunc,2025-03-04 15:49:54,2024-06-19 18:43:55
ac,gravida,2024-08-05 17:26:47,2025-02-24 12:39:20
porta,eget,2024-06-01 19:36:40,2024-10-20 09:24:52
ante,lacinia,2025-04-26 05:06:59,2024-12-02 13:29:10
vel,ligula,2025-02-11 16:26:02,2024-07-02 10:36:19
sollicitudin,in,2024-09-02 17:21:58,2025-02-12 22:32:44
id,phasellus,2025-03-25 14:38:59,2025-04-08 09:04:35
eros,turpis,2024-06-28 00:23:16,2024-06-28 07:22:19
posuere,ultrices,2025-03-17 10:16:30,2024-10-27 21:14:08
ultrices,nisi,2024-05-18 18:29:34,2025-04-19 02:01:43
eros,fermentum,2024-12-17 16:25:13,2024-12-13 20:53:19
volutpat,est,2024-12-30 20:28:52,2024-11-23 10:52:56
mauris,aliquam,2025-03-04 02:13:26,2024-11-09 05:59:22
vel,metus,2024-10-30 17:32:40,2025-05-04 17:49:38
vitae,in,2025-03-19 03:01:20,2025-04-09 12:34:04
aliquet,purus,2024-06-03 17:36:05,2024-08-20 11:50:24
condimentum,erat,2024-09-16 02:12:16,2025-05-03 21:03:45
habitasse,justo,2025-03-23 08:57:56,2025-01-01 18:24:30
vestibulum,ultrices,2024-10-06 12:14:01,2025-02-09 07:19:27
pede,pede,2025-01-23 07:25:46,2024-11-29 11:05:00
nunc,ligula,2025-04-11 16:35:37,2025-02-14 16:00:38
sed,eros,2025-03-06 19:00:10,2024-12-14 00:28:07
nam,curabitur,2024-08-06 08:44:23,2024-05-19 11:36:26
lectus,eu,2024-11-30 12:50:03,2025-01-17 01:29:12
sed,nulla,2025-03-23 19:01:17,2024-10-02 16:16:02
curabitur,ultrices,2025-01-03 08:02:20,2024-07-29 08:47:12
id,id,2024-07-05 11:12:29,2024-06-11 13:17:02
quis,erat,2025-03-14 04:17:56,2024-06-27 07:42:23
mauris,at,2024-12-31 10:25:19,2025-02-09 15:18:37
justo,pellentesque,2024-05-27 22:49:27,2025-01-02 11:52:02
vulputate,neque,2024-12-27 07:29:12,2024-11-13 11:42:43
condimentum,purus,2024-07-05 04:47:34,2025-01-20 20:18:37
commodo,nibh,2024-09-14 09:15:31,2024-07-15 14:37:07
sed,at,2024-09-20 18:00:39,2025-02-05 00:27:41
id,erat,2025-05-13 18:59:45,2025-05-02 10:37:12
dolor,amet,2025-03-15 13:26:12,2025-01-02 11:00:07
enim,consequat,2025-03-20 08:46:37,2024-06-26 06:02:41
erat,faucibus,2024-07-23 21:14:24,2024-09-17 14:11:24
purus,ipsum,2024-12-30 09:54:12,2024-12-06 06:32:39
nulla,primis,2024-10-12 18:56:46,2025-03-14 16:05:53
donec,et,2025-01-05 14:48:46,2025-02-05 20:35:10
cras,justo,2025-04-27 17:58:38,2024-11-24 04:23:33
odio,lacinia,2024-11-04 12:31:30,2024-11-17 23:04:38
sed,in,2024-06-20 07:15:06,2025-02-03 12:16:00
sapien,sem,2025-02-12 10:36:54,2024-07-21 20:41:40
dolor,proin,2024-10-08 11:15:02,2025-04-21 02:25:54
vel,eu,2024-05-30 18:45:19,2024-11-01 23:30:22
dolor,lacus,2024-12-19 01:13:35,2024-09-22 21:19:57
condimentum,ut,2024-08-27 09:36:27,2024-12-14 19:18:41
turpis,curae,2024-11-24 06:46:08,2024-09-10 12:59:51
ac,pulvinar,2024-07-24 07:52:08,2024-08-15 11:01:49
id,rhoncus,2024-10-02 13:05:25,2025-03-13 07:35:05
platea,ante,2024-11-29 21:52:25,2024-09-27 02:51:17
platea,congue,2024-12-17 13:17:30,2024-10-14 11:02:17
penatibus,scelerisque,2024-06-03 16:42:58,2025-03-04 21:14:05
nibh,semper,2025-03-12 02:21:48,2025-03-16 08:37:44
sem,lacinia,2024-05-17 02:36:20,2025-04-26 18:40:02
nulla,sed,2025-04-20 11:07:51,2024-10-07 09:14:50
curae,mauris,2024-07-27 11:19:27,2024-12-03 23:27:13
luctus,orci,2025-05-01 10:50:47,2025-02-06 20:00:19
hendrerit,at,2024-06-15 11:36:59,2024-10-20 02:55:51
massa,ultrices,2024-08-28 23:36:42,2025-02-19 07:52:48
quis,et,2024-12-23 20:53:15,2024-10-08 18:03:03
lobortis,leo,2025-02-15 12:23:26,2024-08-08 06:15:10
lectus,duis,2024-09-27 17:50:33,2025-02-04 04:11:49
eleifend,potenti,2024-08-08 13:12:07,2025-02-13 04:02:00
semper,nascetur,2024-05-29 08:41:47,2024-11-10 03:22:43
duis,enim,2024-06-19 01:26:31,2025-05-03 01:08:28
volutpat,ut,2024-05-24 04:30:11,2025-03-12 15:21:01
velit,sit,2025-03-09 01:06:07,2024-08-23 01:28:52
ligula,et,2025-02-11 12:00:29,2024-08-14 01:02:23
amet,volutpat,2025-03-25 13:14:46,2024-08-24 12:25:55
eu,justo,2024-12-02 09:45:28,2024-07-20 17:26:21
leo,porta,2024-10-27 23:53:30,2024-10-20 10:24:17
blandit,blandit,2025-01-16 16:28:59,2025-01-11 16:13:38
tortor,vulputate,2024-05-23 14:07:25,2025-02-22 16:14:42
potenti,nisl,2024-08-16 13:08:31,2025-01-27 03:33:12
porttitor,quis,2024-07-31 19:33:19,2025-02-08 18:15:09
ullamcorper,morbi,2024-06-26 22:53:42,2024-07-07 11:24:57
amet,lacus,2025-03-12 16:59:56,2024-07-12 03:38:45
erat,sed,2025-03-25 01:54:47,2025-01-30 01:44:56
aenean,et,2024-08-01 23:34:56,2025-01-12 22:34:08
ante,mauris,2024-07-15 18:23:02,2024-09-26 17:18:40
ultrices,fusce,2024-11-13 10:32:48,2025-03-11 03:24:22
morbi,massa,2025-03-28 12:29:02,2024-11-13 09:36:50
faucibus,pretium,2025-04-10 04:30:00,2024-07-04 20:12:45
cubilia,nulla,2024-07-01 18:37:29,2024-06-19 12:02:15
tincidunt,sed,2024-09-13 12:15:34,2024-11-08 20:14:30
morbi,at,2024-08-19 07:22:31,2025-02-11 22:21:45
proin,vivamus,2024-09-08 20:20:07,2024-05-21 17:45:32
donec,posuere,2025-05-06 17:00:59,2024-10-30 09:19:06
vestibulum,pellentesque,2025-01-18 00:25:32,2024-10-14 22:38:29
eget,velit,2024-12-12 21:38:48,2024-12-08 06:31:06
ac,eros,2024-12-25 18:50:58,2024-10-20 16:46:49
ridiculus,maecenas,2025-03-28 16:40:23,2024-05-31 11:33:19
congue,a,2024-07-26 02:48:01,2024-09-17 18:25:40
ut,quis,2024-09-19 19:46:27,2024-12-24 16:32:13
lorem,in,2024-09-12 13:40:45,2025-01-06 12:17:28
eu,donec,2024-11-24 05:22:56,2024-08-18 04:57:03
ipsum,in,2024-07-09 17:58:57,2024-10-30 07:14:28
quisque,aliquet,2024-05-17 11:43:02,2024-08-08 19:34:16
etiam,nullam,2024-09-08 17:26:01,2024-09-29 19:35:10
in,proin,2025-04-20 03:27:22,2025-04-20 06:36:03
mi,sagittis,2025-01-30 13:23:27,2024-10-04 14:48:48
metus,in,2024-09-09 20:09:33,2024-07-09 00:03:08
lorem,in,2025-04-11 09:24:59,2025-01-01 11:53:25
felis,tristique,2024-06-03 21:44:15,2024-08-04 05:12:41
auctor,vulputate,2025-01-13 05:39:42,2025-03-18 08:22:04
nulla,dui,2025-01-21 13:00:39,2025-02-04 16:32:31
eu,proin,2025-01-10 10:21:27,2025-01-21 13:23:15
porttitor,hac,2024-06-11 02:03:49,2024-06-07 21:51:07
praesent,at,2024-07-29 00:01:35,2025-01-24 07:32:56
consequat,erat,2024-10-03 03:29:46,2025-04-21 14:50:15
odio,neque,2025-02-06 00:37:48,2025-01-03 10:27:42
metus,tincidunt,2024-06-08 21:26:36,2024-09-25 20:14:06
mattis,at,2025-04-21 06:20:51,2025-03-19 00:11:11
erat,quam,2024-11-13 05:56:33,2025-04-15 20:07:27
luctus,imperdiet,2024-06-02 14:12:56,2025-05-13 10:04:17
amet,porttitor,2025-02-23 17:10:43,2024-10-14 19:14:59
eget,blandit,2024-06-30 01:52:09,2025-01-26 04:18:29
nulla,pellentesque,2025-04-05 12:18:18,2024-12-19 04:33:43
justo,in,2025-04-27 11:24:35,2025-01-07 21:59:15
in,condimentum,2025-03-07 10:28:34,2025-01-11 11:14:09
sed,est,2024-11-28 17:41:03,2025-04-02 00:22:01
magna,sed,2024-06-02 01:41:34,2024-08-20 11:02:07
vulputate,mi,2024-09-14 07:07:10,2025-01-24 22:42:35
at,amet,2025-01-04 20:04:44,2025-04-26 04:59:36
augue,maecenas,2025-02-17 06:54:03,2025-02-10 00:17:53
nibh,vestibulum,2024-08-27 17:44:30,2024-07-12 14:54:46
eleifend,at,2024-08-04 19:50:59,2025-04-27 11:53:45
a,ac,2024-10-10 09:47:52,2024-10-30 07:43:54
nullam,tempus,2024-12-26 08:19:47,2025-04-09 05:52:57
placerat,sollicitudin,2025-03-18 09:24:26,2025-01-09 05:13:10
eget,pede,2024-10-08 19:24:35,2024-10-01 12:13:39
duis,proin,2024-08-18 14:08:10,2024-07-18 06:50:04
eleifend,orci,2024-07-17 11:48:19,2025-04-02 19:54:47
dictumst,eleifend,2024-06-25 22:24:10,2024-10-04 23:37:11
duis,eget,2025-04-29 12:52:12,2025-01-17 19:01:57
eget,risus,2024-07-07 05:56:31,2024-06-21 16:35:52
nisi,amet,2025-01-20 22:31:26,2024-07-30 23:51:05
elementum,amet,2024-10-15 12:34:15,2024-10-03 23:12:48
consequat,faucibus,2024-08-14 18:23:51,2024-12-17 02:35:52
nam,convallis,2024-06-16 03:21:21,2025-04-26 09:14:56
donec,sed,2024-09-22 14:07:52,2024-10-07 00:41:55
id,pede,2024-12-17 23:23:46,2024-05-30 15:26:06
interdum,lacinia,2024-08-01 01:19:44,2025-01-25 04:20:00
quis,aliquet,2025-02-13 17:20:34,2024-08-04 02:28:13
volutpat,eget,2024-12-13 20:09:29,2024-12-22 03:36:12
cubilia,mi,2024-08-22 02:16:29,2024-05-29 08:19:14
morbi,eget,2025-05-02 06:11:43,2024-11-16 23:08:01
mus,orci,2024-09-21 18:22:33,2025-01-10 00:09:35
tristique,tincidunt,2025-03-07 23:29:37,2024-11-18 09:43:05
lectus,erat,2024-08-09 10:15:41,2024-06-09 23:40:57
libero,id,2025-03-28 21:53:03,2024-12-20 00:49:39
id,dapibus,2025-03-31 05:35:26,2024-09-03 17:11:56
rhoncus,non,2025-03-28 06:22:09,2025-03-08 18:02:25
odio,rhoncus,2025-05-13 10:04:25,2024-08-30 20:10:31
platea,amet,2024-08-05 22:54:18,2024-12-20 22:09:41
nulla,primis,2024-09-13 05:38:22,2024-12-02 08:24:07
amet,convallis,2024-11-14 02:48:34,2025-04-02 17:12:30
sed,proin,2024-08-30 14:22:15,2025-02-25 23:52:13
aliquet,eget,2025-02-22 21:16:05,2024-06-08 23:46:18
risus,in,2024-05-20 17:51:49,2025-04-10 16:13:02
faucibus,habitasse,2024-11-12 20:51:55,2025-02-12 22:02:42
posuere,convallis,2024-08-04 06:58:33,2024-07-01 17:44:20
ipsum,rutrum,2025-02-02 04:08:20,2025-05-08 09:13:40
sapien,est,2024-12-10 23:24:35,2024-10-13 20:21:55
amet,nonummy,2024-05-29 19:24:54,2024-11-21 10:40:27
pulvinar,congue,2025-01-26 04:23:50,2024-10-24 00:52:51
eget,vestibulum,2025-03-18 06:54:00,2025-05-11 18:18:51
dictumst,in,2024-12-05 15:23:50,2025-03-10 21:08:01
risus,pede,2025-01-30 09:13:32,2025-01-07 21:19:31
elit,a,2024-09-17 10:34:57,2025-05-12 21:51:30
quis,at,2025-03-17 22:49:52,2024-10-04 19:57:23
sit,sapien,2024-07-14 09:05:40,2025-01-27 07:01:15
quam,dictumst,2024-07-21 13:26:30,2024-10-25 11:07:57
vestibulum,amet,2024-06-13 13:23:50,2024-10-14 19:06:49
varius,justo,2025-01-20 21:11:53,2024-06-12 01:22:23
nulla,luctus,2025-02-16 00:38:31,2025-01-30 02:42:31
pede,nulla,2024-09-08 02:45:16,2025-04-10 05:55:45
fringilla,a,2024-12-27 01:23:33,2024-11-11 16:18:57
aliquam,odio,2025-04-05 13:18:42,2024-11-19 23:24:38
primis,lorem,2024-06-05 05:05:39,2025-04-01 19:35:50
morbi,in,2025-05-16 06:30:21,2025-02-06 21:55:54
ante,iaculis,2025-01-02 00:51:06,2024-12-23 00:46:21
integer,vestibulum,2024-08-19 08:20:33,2025-02-04 03:11:05
cubilia,maecenas,2024-08-29 21:30:38,2024-09-14 00:25:56
risus,faucibus,2024-10-18 19:27:10,2024-06-10 02:59:32
sapien,ultrices,2024-11-08 15:44:26,2024-12-17 20:03:58
accumsan,parturient,2024-10-09 16:11:08,2025-04-22 06:22:38
mi,vel,2025-04-06 06:13:53,2024-11-23 22:22:48
interdum,justo,2024-07-11 00:28:17,2025-02-15 08:57:06
sed,nulla,2024-12-15 02:30:14,2024-10-22 06:32:17
molestie,lacus,2025-01-12 12:00:01,2024-08-31 12:46:55
leo,eu,2025-03-18 19:39:41,2024-09-04 12:21:18
gravida,justo,2024-08-19 22:25:43,2024-11-12 07:10:56
sagittis,tellus,2024-07-13 06:42:21,2025-05-08 05:00:10
curae,hac,2024-10-01 07:56:38,2025-01-01 01:19:44
fermentum,arcu,2025-02-14 02:02:25,2025-04-25 11:33:47
proin,vulputate,2025-01-03 07:55:46,2025-03-26 06:36:55
in,tellus,2024-06-06 20:55:24,2024-06-28 05:53:59
nulla,aliquet,2025-05-03 20:08:37,2024-10-08 03:34:57
risus,porttitor,2024-09-06 01:45:11,2025-02-17 11:37:45
consequat,augue,2025-02-24 09:20:35,2025-01-03 16:49:07
nulla,tortor,2024-11-08 03:04:58,2024-08-01 06:45:47
sed,duis,2024-10-18 10:01:00,2024-06-08 13:39:01
eget,non,2025-02-05 18:30:18,2024-07-05 05:34:21
tristique,curae,2025-03-31 15:09:24,2024-11-14 16:40:36
hac,erat,2024-09-03 16:01:45,2024-09-02 23:00:26
nam,nec,2025-01-10 22:50:15,2025-02-06 03:08:01
rutrum,metus,2024-11-10 07:53:27,2025-03-29 03:42:18
nulla,diam,2024-08-23 18:51:28,2024-09-01 13:21:53
justo,arcu,2025-02-02 05:15:28,2024-07-29 14:50:59
luctus,odio,2024-12-30 07:56:43,2024-11-09 10:20:56
orci,mauris,2025-01-31 07:51:13,2025-01-05 01:27:12
non,ligula,2024-10-27 18:03:00,2025-01-28 08:13:08
suspendisse,blandit,2025-05-05 09:10:30,2024-09-21 08:14:55
vestibulum,in,2024-12-17 18:46:13,2025-04-23 13:28:37
consectetuer,dui,2024-09-09 13:10:46,2024-07-08 23:06:15
vitae,erat,2024-11-27 10:01:28,2025-02-12 22:05:23
eu,sagittis,2025-02-18 01:47:25,2024-05-21 14:11:35
non,diam,2024-08-31 14:26:43,2025-01-04 17:30:07
rhoncus,aenean,2024-10-27 10:47:22,2024-07-20 13:23:23
nulla,lobortis,2024-05-25 07:52:42,2024-11-16 19:46:37
erat,velit,2024-12-17 10:01:32,2024-10-20 23:20:31
donec,natoque,2025-05-08 20:06:33,2024-06-12 05:02:48
vestibulum,nisl,2025-04-02 17:08:49,2024-10-04 17:05:45
tortor,libero,2025-01-08 16:48:09,2025-01-11 05:27:37
ut,ut,2024-06-13 20:00:22,2025-03-02 11:27:44
fringilla,in,2024-06-18 02:47:44,2024-09-12 22:39:54
in,morbi,2024-07-07 17:39:38,2024-10-22 11:19:31
justo,in,2025-05-15 16:51:43,2024-06-16 18:39:57
odio,ligula,2025-01-07 05:16:31,2024-11-09 21:20:27
ligula,dapibus,2025-04-16 08:37:08,2024-07-27 22:12:29
sapien,quam,2025-01-29 08:02:43,2025-01-25 09:16:31
nulla,sapien,2025-04-26 12:48:21,2024-06-14 02:38:49
lacinia,amet,2024-09-20 03:51:07,2024-07-10 20:20:58
turpis,platea,2024-06-17 22:59:17,2024-08-21 14:27:16
curae,lacus,2024-08-12 19:36:40,2024-07-28 15:26:13
amet,sollicitudin,2025-03-25 00:27:25,2025-04-29 13:38:54
nam,nunc,2024-06-03 19:34:14,2024-09-18 07:32:32
molestie,potenti,2025-03-25 03:10:22,2024-07-21 14:51:38
cum,vestibulum,2024-08-08 20:46:18,2024-12-22 17:57:44
habitasse,tortor,2024-09-05 22:05:56,2024-08-07 00:44:40
fusce,vitae,2024-11-10 11:10:40,2025-03-08 13:27:13
eu,morbi,2025-01-05 11:09:04,2025-02-15 22:25:02
amet,mattis,2025-03-16 01:32:48,2025-04-16 05:53:31
mattis,non,2025-02-18 16:04:47,2024-08-03 07:48:12
nunc,eu,2025-03-30 22:19:34,2025-05-10 12:38:02
risus,placerat,2024-12-12 14:06:47,2024-12-21 19:36:22
erat,tincidunt,2025-02-02 08:53:03,2024-09-09 02:35:45
ipsum,non,2025-04-14 05:36:50,2025-04-06 19:09:48
praesent,pulvinar,2025-04-21 14:37:46,2024-09-04 09:11:45
convallis,quisque,2024-10-22 00:22:30,2024-07-22 09:40:56
in,luctus,2025-04-01 10:36:10,2025-05-02 03:55:47
semper,venenatis,2024-12-27 10:20:49,2024-07-14 18:41:15
pede,fusce,2024-06-08 16:33:19,2024-09-18 02:59:54
sed,mi,2024-08-27 11:57:33,2024-10-11 10:47:03
amet,ornare,2024-06-09 09:15:04,2025-04-22 07:12:34
varius,pellentesque,2025-05-09 21:13:11,2024-08-09 20:37:33
eget,tellus,2025-04-17 07:07:30,2024-11-02 03:16:57
nisl,sed,2024-10-03 10:10:01,2024-08-27 20:55:00
gravida,natoque,2024-08-19 13:00:46,2024-10-29 04:32:25
convallis,volutpat,2024-09-24 06:01:57,2024-11-05 12:54:29
ante,nulla,2024-09-05 13:22:34,2025-01-09 00:20:16
lorem,praesent,2025-04-12 17:10:52,2024-09-24 17:39:04
ipsum,elementum,2024-09-11 09:44:00,2025-02-04 12:42:08
nec,sit,2024-08-23 19:17:13,2024-09-20 05:24:11
consectetuer,sociis,2024-07-22 17:54:07,2024-05-24 09:14:31
vestibulum,duis,2025-03-08 14:09:23,2025-01-04 21:55:24
nulla,varius,2025-01-13 03:32:50,2024-09-16 22:13:21
nam,tortor,2025-05-14 12:52:45,2024-10-24 05:46:28
aliquam,tincidunt,2024-12-14 02:42:07,2024-09-27 07:43:14
aliquam,duis,2024-11-21 19:06:46,2024-07-24 15:18:26
vestibulum,dapibus,2025-02-24 17:06:40,2025-04-12 06:13:13
eget,etiam,2025-04-17 19:25:27,2024-05-18 22:45:53
semper,ac,2025-03-29 11:08:40,2024-10-30 12:17:23
interdum,integer,2024-06-11 00:58:23,2025-02-12 22:22:57
dapibus,euismod,2024-12-18 00:10:25,2025-03-02 13:12:20
etiam,aliquam,2024-05-20 19:51:31,2024-08-17 05:52:40
scelerisque,maecenas,2024-09-28 07:53:13,2024-11-01 21:10:01
et,ultricies,2025-04-10 23:48:17,2025-03-17 01:27:18
purus,hendrerit,2024-12-30 05:02:38,2025-03-31 11:57:18
nisl,at,2024-10-11 07:39:50,2024-11-27 16:51:11
viverra,leo,2025-02-02 20:58:19,2024-09-01 20:26:07
posuere,a,2025-01-19 01:02:13,2024-08-21 13:35:55
nulla,adipiscing,2024-07-30 04:10:05,2024-08-27 20:34:08
morbi,vivamus,2025-04-12 01:58:35,2025-03-15 04:52:15
fusce,ante,2024-06-04 17:11:32,2025-02-23 18:40:06
cras,sem,2024-07-25 18:57:39,2025-03-23 12:01:30
eget,fringilla,2024-07-06 19:42:29,2024-12-09 14:39:35
enim,ligula,2025-02-16 13:26:04,2024-10-13 02:47:52
nisl,condimentum,2024-08-02 02:01:06,2025-05-16 07:35:38
auctor,natoque,2025-03-14 01:13:07,2025-03-28 11:38:35
ut,volutpat,2025-02-20 22:58:40,2025-01-26 21:00:41
phasellus,tempor,2025-03-28 21:41:38,2024-12-19 12:45:44
integer,ut,2024-06-02 18:55:23,2024-09-04 20:12:14
luctus,diam,2024-12-18 23:43:54,2024-07-24 15:53:02
sed,odio,2025-03-04 03:10:07,2024-10-27 09:37:56
et,accumsan,2024-09-10 21:27:27,2024-06-27 23:53:48
in,suspendisse,2024-12-25 09:38:23,2024-12-11 12:35:37
at,diam,2024-09-20 12:40:49,2024-11-05 11:23:55
ligula,volutpat,2025-05-10 10:51:35,2024-10-20 00:46:20
vitae,enim,2024-10-01 11:36:08,2025-03-16 14:09:14
vel,aenean,2024-11-16 06:15:59,2025-04-18 11:30:31
justo,vestibulum,2025-01-18 11:44:21,2024-09-20 00:54:53
orci,felis,2024-06-23 23:31:56,2025-01-14 18:00:54
diam,tellus,2024-12-27 21:15:42,2024-07-07 12:59:23
eget,maecenas,2025-02-21 10:08:44,2024-12-14 20:51:59
consequat,pellentesque,2025-02-18 10:52:21,2024-07-13 07:22:36
varius,vel,2025-03-13 03:19:42,2024-11-08 10:48:13
rhoncus,tincidunt,2024-08-11 11:48:00,2025-02-20 21:03:27
in,tincidunt,2025-02-01 01:48:33,2024-11-07 20:17:16
luctus,feugiat,2024-09-25 11:40:17,2025-01-03 14:10:00
habitasse,integer,2024-05-18 10:34:39,2024-05-19 19:32:56
vel,feugiat,2025-02-02 05:27:40,2024-06-11 05:09:22
aenean,morbi,2024-09-22 22:49:50,2024-10-21 13:06:09
justo,consequat,2024-07-03 17:44:31,2025-01-15 21:50:36
erat,sapien,2024-12-02 04:52:02,2024-06-27 15:37:55
turpis,sapien,2025-01-04 20:13:38,2024-11-08 08:54:18
duis,erat,2024-10-01 05:44:22,2024-07-07 08:16:43
at,nulla,2024-05-18 13:02:26,2024-10-11 17:28:17
pellentesque,velit,2024-12-28 21:03:02,2025-01-18 20:56:22
dictumst,nec,2025-04-02 22:44:20,2024-11-12 17:03:27
ultrices,et,2024-06-23 05:55:45,2024-11-15 00:49:02
purus,velit,2024-12-29 19:04:49,2025-01-04 20:06:26
convallis,ac,2024-07-26 13:30:55,2024-06-20 03:20:43
ultrices,quis,2024-07-22 03:52:43,2024-08-05 16:51:19
erat,id,2024-06-23 12:10:28,2024-08-30 15:09:33
eget,augue,2025-01-21 18:05:21,2024-06-01 23:05:57
in,turpis,2024-11-15 23:13:10,2024-07-17 13:36:27
velit,amet,2025-04-20 17:31:18,2024-11-13 04:51:21
in,elementum,2024-06-02 14:00:45,2025-01-09 20:26:26
volutpat,nisl,2024-09-23 12:50:01,2024-08-30 00:34:24
molestie,mattis,2024-09-29 09:37:06,2024-11-12 23:59:28
ipsum,posuere,2024-08-16 04:39:58,2024-07-25 22:09:42
vel,in,2025-01-05 07:33:59,2024-11-04 05:50:20
odio,consectetuer,2024-06-12 06:24:34,2024-10-18 00:11:39
justo,curabitur,2025-03-17 00:44:33,2024-08-04 03:15:54
dui,praesent,2024-05-17 08:10:15,2024-09-06 18:08:41
felis,nulla,2024-12-19 01:44:42,2025-02-16 02:38:23
pretium,malesuada,2025-04-18 18:05:21,2024-11-13 00:44:51
morbi,lacinia,2025-03-07 08:32:56,2024-08-29 16:45:28
lectus,sit,2024-08-20 08:25:15,2024-12-13 11:05:33
venenatis,libero,2025-03-29 17:16:27,2025-04-30 14:53:34
justo,arcu,2025-05-06 03:51:00,2024-09-05 08:23:14
pretium,ligula,2024-09-18 06:01:25,2024-07-26 07:33:12
mus,magnis,2025-04-26 05:06:24,2024-12-29 20:44:04
morbi,non,2024-11-06 14:35:45,2024-10-20 09:52:16
nam,enim,2025-04-16 01:19:55,2024-09-16 10:46:03
consequat,faucibus,2024-12-19 10:01:57,2025-02-10 23:51:23
mattis,volutpat,2024-11-02 07:24:39,2024-09-11 11:49:03
ut,lorem,2025-05-15 18:28:57,2024-08-10 17:55:37
mauris,proin,2024-10-08 10:22:47,2025-04-04 03:53:08
sem,gravida,2024-12-19 22:44:45,2024-07-12 10:29:59
vehicula,tortor,2024-08-17 05:50:42,2025-03-28 23:16:51
eu,consequat,2024-08-08 05:27:51,2025-05-03 01:25:08
curabitur,sit,2024-10-25 00:11:18,2024-06-21 19:39:05
blandit,libero,2025-03-14 11:31:35,2024-05-17 16:58:58
ornare,rhoncus,2024-10-03 21:02:56,2024-06-04 23:07:34
convallis,suscipit,2024-10-10 17:13:23,2025-01-13 16:24:58
quis,sapien,2024-05-23 06:56:14,2024-06-23 14:48:59
non,posuere,2025-05-11 04:19:48,2024-08-29 04:11:26
pede,eget,2025-02-26 00:53:55,2024-11-19 01:26:24
turpis,ultrices,2025-02-05 20:47:39,2024-11-05 18:16:22
ut,ac,2025-04-24 04:48:16,2024-06-10 10:31:26
sagittis,suscipit,2024-12-27 11:10:03,2025-01-01 17:53:31
velit,eget,2024-09-05 04:11:05,2025-03-30 13:50:42
diam,vivamus,2024-05-27 19:52:12,2024-09-22 21:21:04
nibh,morbi,2024-06-13 16:21:53,2024-07-31 23:53:52
mi,malesuada,2025-04-11 17:49:50,2024-08-07 05:42:57
justo,tincidunt,2024-05-19 01:02:13,2024-11-16 14:16:15
massa,pretium,2025-02-01 11:43:49,2024-11-12 21:44:00
donec,erat,2025-02-19 19:57:58,2024-12-29 18:47:54
quis,habitasse,2024-09-01 13:09:49,2024-06-15 14:12:25
sed,non,2025-03-08 19:58:53,2024-12-06 03:59:11
arcu,donec,2024-07-30 01:37:06,2025-04-09 09:23:49
at,at,2024-11-06 12:04:05,2024-10-29 19:37:14
felis,id,2024-08-22 09:03:57,2025-01-20 12:22:25
quam,ligula,2024-11-21 06:17:57,2025-03-13 19:05:05
nulla,volutpat,2024-07-06 05:52:09,2024-08-18 17:39:38
morbi,justo,2024-08-03 06:07:24,2025-02-14 01:00:53
augue,molestie,2024-11-06 07:49:18,2024-06-18 12:33:34
aliquam,consequat,2024-09-23 16:17:10,2024-08-22 08:34:44
nulla,sit,2024-07-16 15:19:58,2024-05-24 22:05:13
pede,ligula,2025-01-14 00:35:42,2024-11-10 07:12:50
non,ultrices,2024-12-15 23:36:15,2025-01-01 23:21:44
nulla,platea,2024-10-02 08:35:06,2025-03-20 04:01:05
nulla,in,2025-02-20 19:07:23,2024-06-08 18:17:47
sed,nec,2024-07-29 02:18:29,2024-07-10 22:58:33
lacus,posuere,2024-06-10 22:44:50,2024-09-22 23:04:31
nulla,lorem,2024-07-23 10:59:44,2024-08-06 04:43:42
ultrices,mattis,2024-06-10 02:02:12,2025-03-29 05:04:43
accumsan,a,2025-03-31 14:26:04,2025-04-07 18:03:20
ullamcorper,sed,2025-03-05 16:57:33,2024-10-04 20:36:03
sapien,lobortis,2025-01-29 19:12:44,2024-07-13 20:32:40
pede,luctus,2024-05-23 21:05:18,2025-04-06 15:04:15
magnis,dui,2024-08-26 00:52:45,2025-03-27 06:06:03
habitasse,ut,2024-08-06 10:49:41,2024-07-04 16:30:15
in,ut,2024-11-09 01:04:24,2024-10-19 14:12:30
feugiat,nulla,2024-10-22 11:36:53,2025-03-08 01:40:46
erat,ut,2025-04-08 01:34:03,2024-10-12 19:27:00
ligula,phasellus,2025-04-27 04:01:25,2025-03-22 15:13:49
nullam,a,2024-09-11 05:26:05,2025-04-08 20:22:45
montes,nulla,2024-09-29 17:05:22,2025-03-09 10:08:55
gravida,curabitur,2024-08-07 08:47:37,2025-04-02 13:48:56
eget,amet,2024-07-17 06:10:13,2024-09-09 06:03:15
posuere,nulla,2024-07-09 13:18:45,2024-10-18 13:33:37
ligula,congue,2025-04-22 12:52:13,2024-06-20 16:17:18
mauris,mi,2024-10-18 17:14:18,2024-06-25 11:13:54
eu,aliquam,2024-12-29 03:23:05,2025-04-30 04:13:37
et,pulvinar,2024-08-19 00:54:06,2025-03-31 02:20:51
aenean,erat,2024-08-18 10:24:17,2024-09-18 14:57:55
elementum,sociis,2025-05-15 11:58:43,2024-09-11 13:45:32
duis,vestibulum,2024-11-14 02:37:41,2024-10-17 18:11:32
metus,adipiscing,2024-09-10 10:06:04,2024-08-08 06:45:44
nec,praesent,2025-03-05 14:47:30,2025-02-17 08:34:05
ac,consectetuer,2024-07-20 01:10:54,2025-05-04 10:13:26
nec,magna,2024-12-24 16:41:26,2025-02-25 12:00:44
vestibulum,morbi,2024-12-08 03:23:55,2024-11-30 15:36:55
quisque,semper,2024-05-20 21:53:40,2024-06-02 23:24:52
nec,nulla,2025-05-06 05:17:25,2024-05-27 15:19:51
at,eget,2025-01-23 21:01:01,2024-06-11 20:06:08
proin,dapibus,2024-09-05 06:24:12,2024-11-24 14:12:35
sit,ligula,2024-12-06 02:52:43,2024-08-10 01:41:21
semper,metus,2025-01-03 04:58:46,2024-12-28 12:08:54
ut,tellus,2025-05-05 18:24:22,2025-04-15 15:06:33
mi,in,2024-08-06 17:36:19,2025-01-10 09:46:16
euismod,ac,2024-10-17 22:42:32,2024-10-01 13:19:21
quis,dapibus,2025-01-18 11:38:10,2024-11-01 01:08:00
in,quam,2025-03-27 16:55:42,2024-08-03 08:29:53
mauris,fermentum,2024-12-25 18:28:34,2025-04-24 21:51:13
quis,nam,2024-11-10 00:22:21,2025-03-26 22:44:19
tempus,id,2025-05-10 14:50:35,2024-11-06 20:28:43
dictumst,convallis,2025-01-26 16:49:36,2024-09-10 04:28:04
phasellus,eros,2024-09-12 14:10:19,2024-10-23 17:19:53
sapien,morbi,2025-01-25 13:48:31,2024-05-23 00:57:15
magna,dapibus,2025-01-25 16:48:51,2024-08-06 01:49:26
eleifend,semper,2025-04-24 18:40:52,2024-07-06 12:30:30
porttitor,potenti,2024-09-19 00:20:15,2024-05-30 16:15:36
diam,posuere,2024-09-23 23:21:13,2024-05-21 15:35:04
vestibulum,pharetra,2024-06-22 04:51:18,2024-12-21 02:00:27
ac,a,2024-05-28 00:16:43,2024-08-09 15:52:19
ut,luctus,2024-09-22 19:55:55,2024-09-27 17:23:38
nec,orci,2024-08-25 14:16:37,2024-07-21 03:59:59
vel,lorem,2024-09-13 15:06:19,2025-05-08 09:42:41
odio,turpis,2025-04-20 20:33:53,2024-10-19 05:31:31
phasellus,pretium,2024-08-17 10:11:41,2024-10-12 10:35:04
donec,magna,2024-08-17 19:01:49,2024-07-28 15:58:05
semper,ac,2025-02-26 18:31:51,2024-06-25 10:14:15
vulputate,non,2025-02-21 20:12:08,2024-12-20 18:16:53
odio,massa,2025-05-14 22:00:57,2024-09-01 09:44:38
integer,in,2024-10-16 15:21:18,2025-05-11 14:13:49
turpis,eget,2025-04-11 10:25:36,2025-05-14 10:50:41
montes,ultrices,2024-07-30 07:38:01,2024-10-11 02:34:42
viverra,morbi,2024-11-01 22:07:32,2025-02-02 04:49:53
sapien,orci,2024-05-29 13:43:10,2024-07-01 08:27:05
eleifend,auctor,2025-03-17 18:53:19,2024-07-01 19:57:27
orci,mauris,2025-03-12 19:49:53,2024-06-13 19:36:26
ultricies,et,2024-06-06 19:30:09,2025-05-06 00:00:34
est,rutrum,2025-05-06 16:11:40,2024-11-08 12:05:48
luctus,vestibulum,2024-10-11 15:27:31,2025-02-21 11:43:19
felis,convallis,2024-06-11 05:00:41,2024-07-17 23:13:25
platea,ipsum,2024-07-09 14:14:52,2024-05-23 20:18:46
porttitor,donec,2024-09-26 07:04:37,2025-02-19 17:18:19
odio,eget,2025-03-22 13:18:44,2025-01-04 17:44:01
justo,pellentesque,2024-07-16 23:07:40,2025-01-18 01:55:27
tempus,magna,2024-10-28 16:36:16,2024-11-20 20:52:50
vulputate,sapien,2024-11-09 19:19:16,2024-12-30 08:29:34
urna,integer,2024-11-09 21:31:50,2024-09-27 01:31:39
fusce,amet,2024-12-02 23:19:26,2024-05-23 01:51:31
ut,nam,2025-02-09 14:20:53,2024-12-10 18:41:48
rutrum,vivamus,2024-06-01 18:09:16,2024-11-26 12:42:27
ac,feugiat,2024-12-03 12:43:54,2025-02-04 12:21:15
lectus,in,2024-09-24 16:22:18,2024-09-29 15:57:58
lacus,a,2024-12-19 00:25:49,2024-10-03 01:40:23
a,cras,2024-09-11 07:33:32,2024-07-07 08:47:12
orci,justo,2025-03-07 02:05:12,2025-03-14 19:17:21
consequat,a,2024-10-27 18:47:39,2025-03-03 01:27:46
sed,tellus,2025-04-13 04:21:46,2024-09-23 21:11:34
maecenas,pulvinar,2024-07-29 04:01:34,2025-05-01 01:11:58
sollicitudin,in,2024-08-31 04:15:09,2024-08-23 22:18:46
rutrum,felis,2024-10-20 16:02:25,2024-11-02 15:49:27
proin,eu,2025-01-24 00:37:59,2024-08-26 17:45:18
adipiscing,mi,2024-08-09 16:36:54,2024-05-27 14:31:20
congue,sagittis,2025-02-18 16:11:45,2024-05-25 14:35:09
quam,quis,2024-11-04 13:00:27,2024-09-10 11:39:56
sapien,nullam,2024-06-30 07:41:13,2025-04-12 03:13:54
rhoncus,nisl,2024-09-06 19:30:45,2024-08-15 23:28:18
sit,mauris,2024-11-18 07:54:51,2024-07-25 14:59:14
pede,non,2024-10-25 07:37:03,2024-10-08 08:13:15
elit,bibendum,2025-03-16 10:03:19,2024-08-21 18:31:06
tincidunt,rutrum,2024-06-27 21:18:06,2024-10-05 16:14:04
convallis,congue,2024-06-18 12:24:10,2024-10-03 13:20:55
vestibulum,ante,2024-06-23 03:21:47,2024-08-04 13:28:36
tristique,proin,2024-07-27 12:58:23,2024-09-29 00:42:55
adipiscing,nam,2024-06-14 05:58:36,2025-04-03 17:18:22
nulla,ridiculus,2025-05-02 13:29:11,2024-11-07 04:26:58
vel,justo,2024-11-19 06:44:01,2025-01-13 06:42:25
quis,odio,2024-07-27 19:47:01,2024-08-29 01:19:27
blandit,luctus,2025-01-24 07:47:46,2025-03-17 21:14:28
tellus,odio,2025-02-22 09:03:55,2024-08-03 02:03:12
quam,sem,2025-01-03 14:54:11,2024-06-19 00:57:37
faucibus,semper,2025-01-24 22:35:34,2024-07-18 06:11:14
venenatis,leo,2025-05-09 18:30:25,2025-02-17 05:05:03
cras,in,2025-03-14 23:37:26,2025-05-02 03:53:37
nisi,nam,2024-07-28 16:58:39,2024-09-05 04:13:57
quis,vel,2024-07-25 10:36:27,2025-01-19 07:07:33
eget,donec,2025-03-16 03:47:09,2024-09-09 18:52:33
eros,eu,2024-06-04 09:18:20,2025-04-11 22:24:07
pretium,neque,2024-08-16 07:43:23,2024-05-24 00:00:05
ante,adipiscing,2024-12-13 12:12:42,2024-06-26 06:57:35
in,in,2024-06-15 02:40:53,2024-09-14 11:15:24
sapien,at,2024-12-08 12:06:04,2024-10-28 16:21:58
vel,luctus,2025-05-06 16:38:48,2024-07-30 10:50:03
ac,diam,2024-09-30 08:28:10,2025-03-14 08:49:44
in,vivamus,2024-09-15 11:34:40,2025-04-22 00:27:39
sapien,pharetra,2024-10-04 23:04:31,2024-10-10 19:40:19
amet,sem,2024-11-14 06:56:08,2025-05-08 15:11:56
a,turpis,2024-11-13 07:07:36,2025-01-17 10:46:37
aliquam,sapien,2024-06-03 12:33:53,2025-03-28 22:25:24
in,neque,2024-11-14 18:41:28,2024-08-15 09:59:52
posuere,leo,2024-12-02 15:02:52,2024-12-13 05:42:24
at,tortor,2024-05-24 06:25:53,2024-07-18 00:01:37
cras,nullam,2024-07-02 04:08:08,2024-06-29 22:02:32
amet,sed,2024-06-05 19:09:17,2025-03-22 04:54:56
turpis,sapien,2025-02-22 13:35:34,2024-07-15 02:35:40
