id,imo,type,loa_m,beam_m,draft_m,eta
1,7483128,OTHER,22.83,86.31,51.18,2025-03-30T09:30:43Z
2,9191786,CONTAINER,84.78,52.83,66.02,2024-06-06T16:14:23Z
3,9763075,CONTAINER,38.82,29.15,64.34,2025-03-11T00:38:27Z
4,4649410,CONTAINER,21.78,79.56,54.12,2025-02-23T07:08:52Z
5,6632947,CONTAINER,69.63,75.02,87.27,2024-12-14T07:17:48Z
6,6959687,OTHER,33.62,90.69,31.93,2025-02-21T16:18:09Z
7,4253007,TANKER,86.67,8.6,10.78,2024-06-25T07:51:00Z
8,6898105,TANKER,68.4,83.8,96.19,2025-03-29T11:07:52Z
9,6761242,OTHER,37.71,41.22,11.26,2024-06-17T17:43:12Z
10,9011356,OTHER,86.74,59.3,43.74,2025-02-08T19:36:52Z
11,7226138,BULK,27.01,31.09,32.76,2025-01-09T08:03:39Z
12,1012591,OTHER,1.7,10.98,48.04,2024-07-20T22:30:56Z
13,8208458,TANKER,83.25,20.58,16.22,2024-07-12T18:25:43Z
14,9120166,CONTAINER,26.06,36.71,37.41,2024-06-19T10:16:40Z
15,5731756,TANKER,10.41,3.91,84.33,2024-12-08T20:08:59Z
16,7075679,RORO,93.17,84.71,52.73,2024-10-31T17:00:08Z
17,5180222,BULK,0.5,10.28,66.47,2024-11-30T00:21:25Z
18,3196690,BULK,95.71,66.94,85.51,2025-05-11T21:30:43Z
19,7235769,CONTAINER,8.25,76.28,82.89,2024-11-01T02:57:45Z
20,8024217,CRUISE,66.52,34.34,50.15,2024-09-19T22:34:12Z
21,2879790,OTHER,8.88,86.02,36.84,2024-11-21T16:25:13Z
22,1387144,RORO,28.42,26.85,68.9,2025-04-16T17:54:11Z
23,3573549,RORO,64.53,17.39,2.31,2024-06-01T01:29:56Z
24,3199375,CRUISE,52.16,76.37,76.35,2024-06-24T14:33:40Z
25,5323645,CONTAINER,15.16,28.2,66.6,2025-02-13T20:34:55Z
26,3532596,BULK,51.56,64.57,71.47,2025-01-17T20:54:35Z
27,6684815,CONTAINER,57.19,98.4,7.34,2025-01-03T22:59:29Z
28,3785126,CRUISE,95.8,54.14,9.15,2025-03-21T01:08:16Z
29,3653711,BULK,49.55,79.43,6.08,2025-04-08T21:20:46Z
30,8490263,CRUISE,45.01,3.32,45.54,2024-09-30T18:20:00Z
31,4598036,TANKER,3.72,73.48,68.94,2024-09-13T15:00:14Z
32,5237370,RORO,48.58,60.44,43.92,2024-12-07T04:21:16Z
33,2278672,BULK,36.54,60.64,81.22,2025-04-17T03:09:16Z
34,2446133,BULK,2.12,52.32,41.97,2024-09-16T15:13:50Z
35,1613958,RORO,29.27,29.97,20.45,2024-06-09T17:59:20Z
36,9371483,TANKER,27.6,61.14,15.9,2025-04-29T01:41:35Z
37,1323022,CRUISE,87.02,80.96,24.7,2025-02-12T02:49:30Z
38,6247072,BULK,23.76,21.09,26.56,2025-05-12T05:31:04Z
39,5177019,RORO,22.86,35.52,83.74,2024-07-21T13:44:53Z
40,6804889,TANKER,2.32,87.22,73.68,2024-09-20T15:40:23Z
41,3722016,RORO,28.99,93.19,25.78,2025-03-29T14:08:51Z
42,2732166,TANKER,0.42,69.27,8.22,2024-05-27T21:14:48Z
43,5763680,RORO,95.09,80.35,37.78,2024-06-26T23:44:33Z
44,7839949,BULK,72.12,89.33,55.46,2025-04-05T11:49:23Z
45,1240580,CONTAINER,4.51,16.18,96.94,2025-03-19T23:19:04Z
46,3992178,TANKER,52.51,80.01,20.01,2024-10-24T01:45:32Z
47,3258470,TANKER,12.92,52.14,7.78,2025-02-19T10:57:40Z
48,1257661,CRUISE,1.85,67.48,44.79,2024-06-06T18:13:26Z
49,5833251,TANKER,1.59,32.76,65.73,2024-06-13T01:43:15Z
50,3564413,TANKER,78.03,23.41,21.79,2024-10-08T18:28:13Z
51,1960710,TANKER,30.09,20.31,10.32,2024-10-30T02:13:04Z
52,8107791,RORO,0.14,48.99,40.73,2025-01-04T02:17:37Z
53,9367762,TANKER,35.76,26.54,74.4,2025-02-24T09:36:00Z
54,2067811,BULK,20.71,39.09,8.79,2025-02-16T19:36:49Z
55,3076210,RORO,19.52,68.6,4.02,2024-06-16T04:45:25Z
56,8699589,RORO,84.21,94.68,26.67,2024-07-19T06:51:17Z
57,3107806,CRUISE,5.16,63.58,91.24,2024-08-11T13:19:21Z
58,1071914,OTHER,39.44,70.35,43.92,2025-03-10T18:01:04Z
59,4415941,OTHER,18.87,83.61,94.87,2024-06-12T23:12:21Z
60,3647430,CONTAINER,92.52,20.35,71.28,2025-01-27T03:47:25Z
61,3809878,CRUISE,60.37,82.53,22.95,2025-03-05T08:17:01Z
62,7661172,TANKER,45.1,89.73,96.1,2025-05-03T13:48:55Z
63,6773675,BULK,35.01,76.32,54.38,2024-11-15T22:21:56Z
64,6371627,RORO,52.76,59.35,10.14,2024-12-21T15:06:49Z
65,9235529,BULK,30.06,44.0,64.61,2024-07-21T17:23:08Z
66,2922390,BULK,36.65,20.03,61.94,2024-09-01T07:19:56Z
67,3530368,BULK,74.27,28.73,24.69,2024-11-12T22:16:26Z
68,1805829,OTHER,34.4,71.18,93.41,2025-03-30T22:27:23Z
69,4435938,TANKER,19.89,79.81,84.12,2024-06-05T14:58:15Z
70,6876228,BULK,82.92,53.02,57.33,2024-08-29T20:54:56Z
71,3029661,OTHER,70.5,30.08,29.85,2024-06-20T07:36:03Z
72,1179607,CRUISE,6.19,53.28,11.42,2024-11-12T05:16:53Z
73,6585383,CONTAINER,57.42,61.12,41.09,2025-05-13T13:40:10Z
74,3315514,OTHER,86.79,0.95,48.46,2024-11-15T09:29:26Z
75,9281173,BULK,8.18,32.75,96.74,2025-04-23T06:25:23Z
76,2201613,CONTAINER,39.93,96.09,90.49,2025-02-02T16:49:43Z
77,8672532,BULK,66.49,43.31,56.52,2024-12-20T08:38:52Z
78,9211137,RORO,94.3,99.42,9.1,2024-06-28T16:20:23Z
79,5104315,OTHER,11.94,48.97,53.06,2024-10-18T07:42:21Z
80,1486160,CONTAINER,64.44,77.55,88.11,2024-12-28T19:54:50Z
81,4598379,RORO,80.07,17.53,27.52,2024-08-09T12:28:55Z
82,6041262,TANKER,13.47,75.58,27.28,2024-10-22T17:55:21Z
83,5746140,BULK,29.69,23.3,83.37,2024-09-30T16:40:34Z
84,2896691,RORO,34.52,41.25,21.54,2024-12-20T12:57:57Z
85,6779331,TANKER,28.99,61.84,67.91,2024-05-25T11:19:55Z
86,7425741,OTHER,27.03,7.9,13.55,2025-03-17T09:02:23Z
87,3076568,CONTAINER,57.56,6.28,29.57,2024-10-25T05:03:35Z
88,7614400,TANKER,71.4,3.68,9.6,2025-03-02T16:13:39Z
89,3960538,OTHER,76.19,46.01,36.83,2024-07-28T11:56:22Z
90,8766206,CRUISE,97.13,95.4,68.07,2024-08-26T00:35:41Z
91,3826983,OTHER,7.26,11.05,39.17,2025-02-09T18:19:08Z
92,6055711,RORO,92.16,73.24,35.02,2025-04-05T13:32:00Z
93,9532573,OTHER,52.62,27.9,70.16,2024-10-04T09:13:34Z
94,4427788,BULK,70.27,68.68,25.18,2024-07-29T12:20:57Z
95,5649990,RORO,93.03,59.47,16.12,2024-09-20T23:45:07Z
96,4347445,TANKER,89.92,17.05,62.17,2024-06-06T13:45:13Z
97,2238329,CONTAINER,40.8,76.53,63.97,2025-02-25T22:18:54Z
98,2818243,RORO,35.66,0.25,47.06,2024-06-04T07:37:33Z
99,7770648,CONTAINER,25.45,40.01,38.94,2024-12-23T17:12:49Z
100,2850381,BULK,84.83,62.47,21.23,2025-04-18T01:56:43Z
101,3106964,BULK,11.14,89.38,60.19,2025-04-25T04:24:25Z
102,5526745,RORO,62.14,70.69,52.44,2025-04-26T10:18:01Z
103,5682785,BULK,67.18,68.26,21.38,2025-02-05T17:35:09Z
104,7268688,BULK,46.14,27.31,48.17,2025-02-23T16:12:57Z
105,9710476,OTHER,89.52,96.38,61.27,2024-10-12T05:46:57Z
106,7096728,CRUISE,37.69,34.55,76.34,2024-06-15T18:46:59Z
107,5442056,OTHER,57.46,15.9,13.04,2024-12-07T03:08:15Z
108,8146652,RORO,58.89,49.03,21.26,2024-10-16T07:20:16Z
109,8328185,RORO,26.86,52.52,46.07,2024-12-14T10:59:14Z
110,3605252,OTHER,86.27,16.51,10.62,2025-01-27T05:51:28Z
111,2302973,TANKER,63.1,46.22,44.68,2024-05-23T15:46:07Z
112,7041947,TANKER,85.05,67.94,53.08,2024-08-31T02:14:00Z
113,5331765,CRUISE,1.0,91.15,72.12,2025-03-10T11:03:51Z
114,7013104,OTHER,96.39,19.77,45.68,2024-08-23T14:23:48Z
115,7321314,RORO,99.77,89.98,18.98,2024-10-10T09:30:11Z
116,1669716,OTHER,31.42,48.29,30.84,2024-11-27T21:23:09Z
117,6597959,BULK,90.78,88.25,56.42,2024-10-15T01:32:36Z
118,4904192,RORO,73.78,86.77,33.48,2025-01-12T22:02:10Z
119,7232436,CRUISE,19.19,35.85,5.67,2024-08-27T07:16:04Z
120,5712322,BULK,78.17,37.22,3.35,2024-12-19T18:29:25Z
121,6549958,CONTAINER,44.8,58.22,4.63,2024-06-29T14:19:01Z
122,4048687,TANKER,2.86,75.65,24.08,2025-05-01T19:59:28Z
123,2573099,TANKER,53.45,86.0,63.93,2024-08-11T16:00:36Z
124,7554068,BULK,18.73,68.33,81.29,2024-09-23T00:00:25Z
125,6853465,TANKER,50.91,90.51,63.04,2025-03-07T19:57:03Z
126,4728251,RORO,31.43,73.71,6.0,2024-06-17T02:24:34Z
127,9940132,CRUISE,25.0,9.65,82.94,2024-08-06T18:07:26Z
128,7911028,OTHER,6.14,49.36,0.28,2024-08-21T21:59:34Z
129,5993106,BULK,14.18,29.93,84.96,2025-02-11T08:50:53Z
130,1846464,CRUISE,86.51,40.92,10.4,2024-09-26T22:01:13Z
131,1443901,TANKER,31.25,94.2,17.03,2025-04-15T11:59:31Z
132,3114632,OTHER,83.85,1.28,22.3,2024-09-24T10:55:13Z
133,2557604,TANKER,46.43,53.41,32.01,2024-07-21T03:05:18Z
134,9763670,CRUISE,60.77,82.28,42.96,2024-08-30T13:41:50Z
135,8987738,RORO,90.78,36.76,32.89,2024-07-26T01:42:08Z
136,7638023,OTHER,92.02,48.75,53.07,2024-08-14T00:04:36Z
137,8705864,TANKER,48.56,90.42,14.69,2025-03-08T10:22:46Z
138,6241670,CRUISE,43.5,81.07,64.88,2025-05-13T21:10:23Z
139,5346301,TANKER,86.76,79.71,88.57,2025-05-03T11:44:52Z
140,9840222,CRUISE,59.21,17.36,5.57,2024-10-18T09:07:38Z
141,4531637,CONTAINER,44.98,31.12,44.61,2025-04-04T11:53:11Z
142,2860309,CRUISE,6.96,6.79,92.96,2024-07-06T04:28:32Z
143,4719186,CONTAINER,19.72,21.2,13.62,2024-09-02T02:04:27Z
144,7858159,RORO,53.49,16.0,97.96,2024-08-24T10:13:29Z
145,1446783,RORO,83.68,10.11,65.35,2025-02-13T19:16:10Z
146,6140180,CONTAINER,92.89,13.05,2.75,2024-11-03T22:47:56Z
147,1730125,TANKER,76.6,48.2,20.9,2024-12-23T00:09:52Z
148,2414453,OTHER,78.69,12.33,86.27,2025-04-09T06:36:33Z
149,5303010,CRUISE,17.02,79.38,47.41,2024-12-08T14:24:51Z
150,1798500,TANKER,1.07,49.44,63.5,2024-05-23T23:42:27Z
151,8162770,OTHER,17.88,67.83,75.39,2025-01-06T03:06:20Z
152,7030505,BULK,34.62,71.74,48.63,2024-10-23T15:09:13Z
153,2103673,OTHER,0.77,60.61,60.44,2024-10-21T01:34:10Z
154,4799739,CONTAINER,74.77,38.29,78.27,2025-02-19T04:36:44Z
155,7424555,TANKER,5.79,8.34,88.11,2024-06-08T01:14:39Z
156,1056701,RORO,47.19,64.34,38.69,2024-06-17T12:29:06Z
157,1613106,RORO,4.63,33.43,61.21,2024-12-28T08:37:16Z
158,7722612,CRUISE,64.37,10.62,48.84,2024-12-07T13:19:20Z
159,1390144,OTHER,44.33,73.78,56.98,2024-10-22T04:27:23Z
160,3714702,OTHER,60.54,79.52,89.96,2025-04-18T06:31:04Z
161,6566593,BULK,6.45,76.32,20.21,2024-11-04T22:08:04Z
162,2814063,RORO,48.53,61.85,28.11,2024-12-24T17:43:25Z
163,1067604,CONTAINER,11.97,21.98,5.4,2025-01-28T04:42:24Z
164,5953158,RORO,53.51,6.24,62.53,2024-06-24T12:29:48Z
165,7203346,CRUISE,77.43,77.85,77.95,2025-01-30T00:04:25Z
166,7397472,RORO,12.29,99.89,6.73,2024-09-10T14:33:46Z
167,2329092,TANKER,10.72,79.89,65.29,2024-10-12T21:39:53Z
168,3599871,CRUISE,58.92,94.94,25.66,2024-08-12T03:21:50Z
169,4521379,CONTAINER,25.75,80.04,39.15,2024-08-15T16:03:49Z
170,7816852,CRUISE,95.2,31.77,73.23,2024-11-13T07:12:04Z
171,7918769,BULK,88.29,85.28,45.13,2024-07-25T02:10:45Z
172,3268233,TANKER,94.31,79.48,37.18,2025-04-20T07:21:23Z
173,5265799,TANKER,98.89,89.31,71.98,2024-10-28T23:51:25Z
174,5112314,BULK,47.01,88.23,65.74,2025-03-10T12:34:46Z
175,6084272,RORO,87.8,51.05,71.51,2025-03-13T02:11:47Z
176,7872673,CONTAINER,5.27,89.59,85.99,2025-05-08T10:58:34Z
177,7975347,CONTAINER,25.89,92.98,34.75,2024-10-13T14:58:53Z
178,7682167,TANKER,90.05,30.08,67.92,2024-12-17T12:24:28Z
179,9246688,CONTAINER,51.74,11.61,4.72,2024-09-18T06:15:05Z
180,4748535,OTHER,74.93,91.78,42.39,2024-06-09T11:51:59Z
181,9991572,RORO,96.62,89.76,34.59,2024-09-04T17:12:16Z
182,6958597,BULK,25.12,6.79,81.81,2024-07-08T15:53:52Z
183,5973657,CRUISE,14.6,89.88,55.52,2024-09-22T05:18:28Z
184,3145243,OTHER,94.22,64.36,27.28,2025-04-09T12:36:02Z
185,7042672,OTHER,99.34,30.04,76.01,2025-01-27T12:18:10Z
186,2443609,OTHER,79.48,53.53,88.34,2024-11-07T02:35:14Z
187,2485600,RORO,47.0,10.17,22.01,2025-01-08T01:08:25Z
188,8980659,OTHER,33.33,28.01,37.15,2024-09-23T11:23:30Z
189,3682026,TANKER,46.48,64.55,74.3,2025-02-26T03:20:12Z
190,9831293,OTHER,14.96,62.75,63.37,2025-01-20T13:29:56Z
191,7807349,TANKER,15.46,63.37,43.72,2025-01-06T23:24:27Z
192,2783413,BULK,85.7,84.71,10.53,2025-01-27T02:27:51Z
193,9339906,RORO,32.14,35.79,40.26,2024-07-09T21:16:39Z
194,8781413,OTHER,67.12,79.76,35.57,2024-05-28T03:35:07Z
195,7667343,CRUISE,33.02,54.72,34.18,2025-03-01T22:55:32Z
196,1480505,CONTAINER,94.95,81.4,59.62,2024-07-20T23:10:50Z
197,6956119,CONTAINER,88.05,35.1,51.98,2025-05-12T20:16:06Z
198,4854043,CONTAINER,61.56,21.41,85.34,2024-06-29T03:22:14Z
199,5415040,OTHER,3.21,55.59,87.44,2024-12-13T20:12:03Z
200,7098570,BULK,75.14,75.78,13.57,2025-04-14T08:07:19Z
201,4035053,CRUISE,27.48,1.35,16.44,2024-08-22T01:47:02Z
202,7404840,BULK,67.51,21.29,1.81,2025-02-09T21:25:04Z
203,6414647,RORO,4.49,84.05,59.03,2025-03-02T23:24:33Z
204,3821861,TANKER,74.73,67.72,23.7,2025-04-14T16:50:52Z
205,7764096,OTHER,38.42,25.86,28.26,2025-05-08T04:36:35Z
206,8858485,OTHER,55.78,35.31,39.39,2024-08-26T19:16:59Z
207,4767508,OTHER,32.43,83.85,82.07,2024-10-28T00:45:36Z
208,6689251,CRUISE,0.92,89.26,71.49,2024-12-14T02:16:48Z
209,3502059,CONTAINER,58.39,84.04,13.55,2025-04-27T00:02:41Z
210,9772131,RORO,62.42,79.49,94.51,2024-12-14T00:06:17Z
211,2670526,BULK,84.94,51.21,8.02,2024-10-02T08:57:58Z
212,1745262,CRUISE,2.01,40.9,76.93,2024-06-18T19:35:20Z
213,1541937,OTHER,3.04,10.13,15.86,2025-01-05T17:07:33Z
214,9895775,BULK,65.68,17.26,38.22,2024-12-29T13:54:50Z
215,3978328,TANKER,31.08,68.49,47.39,2024-07-16T19:37:20Z
216,9620916,RORO,56.54,75.38,24.39,2024-06-17T22:02:27Z
217,8795480,CRUISE,22.98,89.77,22.17,2025-03-31T12:58:05Z
218,4252675,CONTAINER,47.81,77.2,73.44,2024-07-18T23:40:25Z
219,4250143,CONTAINER,25.37,87.67,37.63,2024-11-19T10:53:15Z
220,1161485,CRUISE,30.43,65.69,96.97,2024-10-10T06:30:19Z
221,8354032,TANKER,78.54,52.82,90.99,2024-08-10T21:19:14Z
222,5329830,BULK,50.74,14.62,78.01,2025-02-20T00:07:21Z
223,6889283,OTHER,23.96,53.36,28.74,2024-07-23T17:11:53Z
224,2000571,CONTAINER,74.34,46.13,43.21,2025-04-29T03:58:46Z
225,2100241,TANKER,60.17,40.69,90.86,2025-05-15T04:38:15Z
226,7664308,CRUISE,0.4,69.36,66.06,2025-02-02T09:36:32Z
227,8049350,TANKER,54.91,45.61,38.2,2024-12-02T16:50:29Z
228,8201635,TANKER,61.42,52.76,61.47,2024-08-13T21:19:51Z
229,1197323,OTHER,87.39,93.02,42.16,2024-08-24T02:55:02Z
230,5612701,RORO,33.95,24.4,83.23,2025-05-11T21:56:24Z
231,1712444,CRUISE,72.73,38.22,74.17,2024-09-28T02:22:55Z
232,6378338,TANKER,26.72,35.83,76.34,2025-02-10T21:37:19Z
233,8755643,OTHER,15.69,98.14,25.38,2024-12-31T18:33:07Z
234,7060786,BULK,20.05,44.12,50.78,2024-06-09T23:50:43Z
235,2945690,CRUISE,31.75,89.65,51.31,2025-01-12T22:33:45Z
236,9871104,BULK,58.07,23.46,72.48,2024-09-28T17:12:57Z
237,1975898,TANKER,83.37,5.5,71.58,2025-01-16T09:43:17Z
238,8106119,RORO,30.85,95.83,89.8,2025-03-09T10:25:49Z
239,3983768,RORO,43.15,96.95,2.8,2024-07-28T23:18:04Z
240,2071945,CRUISE,38.78,74.41,2.86,2024-05-17T21:06:37Z
241,8153077,CRUISE,54.33,29.93,74.14,2024-08-17T09:08:42Z
242,6983973,CRUISE,34.5,56.44,40.63,2025-05-03T05:29:53Z
243,5473821,RORO,94.44,73.75,8.66,2024-10-04T08:31:59Z
244,9997894,RORO,13.97,99.48,58.3,2024-08-09T14:16:40Z
245,3478829,RORO,84.18,58.91,11.29,2024-10-26T01:12:46Z
246,6324410,CRUISE,26.86,1.47,33.95,2024-09-12T19:59:04Z
247,3026476,CRUISE,89.15,34.38,56.88,2025-04-01T21:27:01Z
248,2975565,CRUISE,98.65,87.41,52.02,2025-01-10T16:58:52Z
249,5279897,CRUISE,77.01,55.23,84.68,2024-12-18T06:41:35Z
250,5526911,OTHER,85.22,14.42,81.34,2025-02-13T05:14:14Z
251,4145832,TANKER,21.02,75.58,17.55,2024-09-04T06:18:54Z
252,7845920,BULK,63.86,58.32,24.83,2025-01-22T02:25:51Z
253,9265833,CRUISE,30.98,50.39,39.0,2024-11-21T11:23:49Z
254,6409873,OTHER,16.85,93.38,22.94,2025-02-28T08:46:25Z
255,6928033,BULK,36.09,24.06,4.79,2024-12-18T16:24:19Z
256,5021782,TANKER,72.8,3.27,60.26,2025-01-26T23:11:54Z
257,9240857,TANKER,65.09,3.09,56.15,2024-12-10T04:34:40Z
258,4271564,TANKER,35.37,65.67,53.86,2024-12-20T13:24:25Z
259,1912630,CRUISE,89.41,53.93,30.64,2024-09-25T19:04:20Z
260,6765959,BULK,36.08,5.7,79.01,2024-08-12T10:05:32Z
261,5339384,RORO,26.08,72.66,46.51,2025-02-06T18:48:05Z
262,4763985,OTHER,23.65,23.96,82.49,2024-11-23T05:08:53Z
263,4272721,OTHER,31.61,7.77,55.81,2024-06-13T16:38:22Z
264,4638955,CRUISE,40.2,28.05,26.74,2024-06-26T15:39:48Z
265,7539301,BULK,67.63,78.32,32.07,2025-04-15T16:32:32Z
266,3566700,RORO,61.78,35.35,30.31,2025-04-17T06:41:00Z
267,8160709,CRUISE,14.68,48.78,10.24,2025-02-02T03:03:50Z
268,9616469,CRUISE,68.99,35.99,17.03,2024-12-13T23:34:04Z
269,3666711,CRUISE,85.56,23.71,34.85,2024-11-02T12:53:01Z
270,3995828,CONTAINER,96.05,83.38,20.21,2024-08-10T13:27:32Z
271,3511732,TANKER,26.08,71.47,56.82,2025-04-04T00:04:12Z
272,2266960,BULK,30.03,10.41,50.96,2024-06-23T06:19:51Z
273,9279078,TANKER,30.33,62.13,12.04,2025-05-11T23:25:16Z
274,5093842,RORO,18.19,56.4,15.14,2024-06-19T21:28:34Z
275,6618897,RORO,6.86,79.45,82.82,2024-05-28T23:46:59Z
276,2276909,CRUISE,59.81,33.01,39.76,2024-08-01T08:16:16Z
277,4680132,OTHER,30.01,7.39,19.85,2024-11-11T01:00:59Z
278,9873817,BULK,56.02,58.87,2.31,2024-09-06T09:49:38Z
279,1750877,CONTAINER,50.03,98.93,62.94,2025-02-16T02:01:41Z
280,1878854,RORO,91.46,51.41,29.09,2025-02-07T22:18:42Z
281,6519351,OTHER,4.93,87.65,30.71,2025-01-10T18:54:10Z
282,1089730,BULK,25.53,86.65,17.23,2024-07-30T15:39:02Z
283,8317456,TANKER,69.08,51.75,42.13,2024-10-08T09:44:46Z
284,2165723,CONTAINER,30.35,57.48,43.45,2024-08-09T09:38:50Z
285,3760246,BULK,60.14,14.03,7.28,2025-01-29T22:43:53Z
286,7192234,CRUISE,3.03,0.32,57.94,2024-10-11T04:20:11Z
287,6333238,CRUISE,11.35,15.65,52.79,2024-10-16T02:21:17Z
288,7534670,OTHER,9.02,81.91,92.79,2025-04-08T16:43:57Z
289,5415868,CONTAINER,20.59,25.7,77.77,2024-11-08T22:44:49Z
290,8313926,OTHER,25.83,41.99,50.31,2025-05-08T20:58:38Z
291,2007885,OTHER,30.98,87.85,13.4,2024-11-10T03:16:07Z
292,2409027,RORO,61.98,25.06,59.65,2024-07-05T19:44:12Z
293,3186576,RORO,77.07,61.83,36.48,2025-02-02T07:22:50Z
294,2799047,OTHER,37.31,37.54,24.5,2024-11-21T17:58:23Z
295,1854737,BULK,50.84,69.02,15.7,2024-10-08T21:28:58Z
296,1498610,TANKER,98.27,60.89,85.04,2025-02-14T14:11:32Z
297,6004381,TANKER,23.15,33.17,94.79,2024-06-16T08:00:12Z
298,9671987,OTHER,21.72,41.8,46.84,2024-10-02T04:19:08Z
299,9276612,CRUISE,44.62,45.51,57.01,2024-07-27T08:49:56Z
300,3469131,RORO,14.54,18.66,95.35,2025-05-16T05:31:45Z
301,9904290,TANKER,25.66,53.91,29.8,2024-05-30T16:09:36Z
302,1412366,CONTAINER,56.33,1.09,59.86,2024-05-28T22:07:05Z
303,9973297,CRUISE,97.82,29.79,79.64,2024-10-14T01:35:38Z
304,2706274,RORO,62.33,71.52,4.13,2024-09-28T05:42:57Z
305,4710190,CONTAINER,9.51,85.03,32.4,2025-04-25T13:46:50Z
306,6773095,CRUISE,36.89,56.38,91.86,2025-02-24T20:53:55Z
307,3022810,RORO,65.45,11.05,30.54,2024-06-04T07:45:06Z
308,5315456,RORO,21.25,0.97,35.79,2024-09-01T20:18:35Z
309,3911140,TANKER,77.61,3.9,9.24,2024-09-19T23:05:10Z
310,6390409,CRUISE,30.88,78.95,20.5,2024-06-20T14:21:44Z
311,1342991,OTHER,92.66,57.53,8.97,2024-09-26T05:07:23Z
312,7665286,BULK,34.41,48.5,66.98,2024-06-01T01:48:47Z
313,4830464,RORO,67.44,16.66,25.98,2024-11-01T04:01:14Z
314,6678721,TANKER,89.41,81.52,47.99,2024-11-15T23:53:50Z
315,8692690,OTHER,48.74,81.94,9.84,2024-10-05T14:29:00Z
316,5476048,OTHER,33.76,17.64,99.2,2025-01-07T01:45:03Z
317,4919817,OTHER,50.66,9.25,9.5,2025-04-29T21:54:18Z
318,4809728,OTHER,59.39,47.7,37.44,2025-04-05T10:20:16Z
319,6192073,BULK,23.85,87.66,33.46,2025-02-05T03:00:36Z
320,4681051,CRUISE,11.63,40.45,55.3,2025-03-27T21:24:56Z
321,8727881,RORO,94.59,39.59,54.95,2025-05-04T14:09:40Z
322,6992332,BULK,26.04,4.61,39.66,2025-05-05T18:12:25Z
323,8287160,CONTAINER,27.99,83.01,16.67,2024-10-06T20:54:44Z
324,3338222,TANKER,11.14,25.95,72.32,2024-10-11T12:50:57Z
325,3973480,OTHER,67.74,35.78,23.91,2025-04-20T15:00:24Z
326,6645145,RORO,64.53,14.51,1.72,2024-05-25T06:48:48Z
327,2335450,RORO,25.32,32.61,18.91,2025-04-25T14:28:53Z
328,3735220,TANKER,82.75,19.29,72.51,2025-02-11T06:38:29Z
329,4322065,BULK,24.89,92.88,74.35,2024-09-28T13:56:36Z
330,1509398,BULK,41.09,96.94,71.98,2024-11-23T02:05:28Z
331,9528947,CONTAINER,58.22,3.54,32.74,2024-10-19T08:31:48Z
332,4329366,TANKER,51.44,30.07,93.05,2024-09-09T00:13:10Z
333,1749058,OTHER,81.26,25.71,51.0,2025-04-02T07:21:34Z
334,1670755,OTHER,79.8,19.09,35.86,2024-12-14T02:12:14Z
335,1195141,OTHER,32.61,14.16,27.86,2025-01-19T20:54:42Z
336,9095174,CRUISE,43.4,44.07,92.55,2024-10-05T15:27:53Z
337,7966126,CRUISE,74.11,34.05,75.25,2025-02-09T20:30:02Z
338,2764507,CRUISE,62.52,90.5,87.4,2025-02-12T02:25:53Z
339,6704209,CRUISE,23.5,45.03,21.93,2025-04-26T19:03:11Z
340,6100326,TANKER,57.36,27.93,8.81,2024-06-29T04:55:07Z
341,6952412,OTHER,14.22,48.35,70.09,2025-01-23T18:27:59Z
342,8077618,TANKER,35.28,12.83,52.06,2025-02-13T11:00:20Z
343,6156323,TANKER,87.81,26.33,84.86,2025-03-02T21:06:12Z
344,1529109,BULK,26.79,93.06,69.47,2025-04-30T06:45:20Z
345,1633408,RORO,29.34,44.23,98.63,2025-04-15T04:06:14Z
346,7592938,BULK,91.7,87.9,31.43,2025-03-02T14:59:00Z
347,1841961,BULK,14.21,47.25,24.43,2025-04-05T23:24:24Z
348,8107579,TANKER,82.39,92.3,77.23,2024-06-12T13:03:31Z
349,7962299,CRUISE,68.51,67.91,83.24,2024-06-29T16:17:08Z
350,3161331,BULK,16.66,20.47,57.94,2024-10-22T06:40:59Z
351,3257961,BULK,68.91,54.44,61.29,2024-12-31T04:59:24Z
352,6546464,RORO,58.78,21.83,11.46,2024-06-22T04:46:14Z
353,3740305,BULK,28.87,26.13,64.77,2025-04-05T08:47:25Z
354,9669004,TANKER,36.87,79.4,41.15,2024-06-17T21:49:51Z
355,3043555,TANKER,80.17,55.42,28.15,2024-10-14T09:50:04Z
356,2630929,TANKER,45.78,54.51,7.39,2025-03-02T13:42:25Z
357,2319695,RORO,40.43,44.13,71.99,2024-08-22T11:49:10Z
358,4147904,OTHER,89.6,33.47,28.14,2025-01-23T09:52:27Z
359,2227066,OTHER,61.93,49.89,54.04,2024-10-13T06:47:32Z
360,1522714,RORO,79.63,2.27,2.01,2025-03-18T17:20:55Z
361,2618129,CRUISE,29.27,72.12,63.0,2025-01-15T14:03:58Z
362,6973162,BULK,39.05,37.72,55.23,2025-03-05T22:10:29Z
363,9816902,OTHER,54.31,6.27,84.73,2024-10-27T09:00:50Z
364,4879368,CRUISE,49.19,72.86,65.56,2024-08-23T21:57:45Z
365,4418859,BULK,23.82,86.2,71.63,2024-09-20T09:40:43Z
366,5018094,OTHER,59.79,50.95,1.0,2024-11-28T07:11:55Z
367,6144883,RORO,25.24,70.62,23.28,2024-11-30T20:41:09Z
368,7404637,CONTAINER,89.48,53.6,42.94,2024-11-08T17:57:29Z
369,5425821,TANKER,95.53,43.65,81.9,2024-05-31T10:39:30Z
370,4291452,TANKER,9.04,83.92,51.75,2024-12-25T19:06:25Z
371,1770022,OTHER,30.92,52.2,57.71,2024-07-22T00:43:38Z
372,4446617,BULK,89.2,69.25,27.99,2024-12-15T07:54:20Z
373,1008901,CRUISE,51.88,49.72,57.04,2025-05-05T19:56:37Z
374,8815737,CRUISE,64.62,26.03,68.11,2025-05-09T09:20:12Z
375,1333685,CONTAINER,61.09,67.62,94.56,2024-08-08T22:05:45Z
376,6386114,RORO,58.04,85.9,15.74,2025-05-09T22:58:12Z
377,6961223,OTHER,36.15,51.33,14.68,2025-05-10T08:47:13Z
378,4975908,TANKER,80.61,54.64,76.27,2024-07-18T09:31:29Z
379,8851686,CONTAINER,44.54,60.1,15.84,2025-01-19T15:52:33Z
380,4987049,TANKER,77.58,67.29,14.85,2024-09-10T06:08:42Z
381,3178291,BULK,35.24,96.25,45.08,2024-05-27T10:26:04Z
382,6632309,CONTAINER,95.56,4.18,2.62,2025-03-19T10:19:01Z
383,5904126,CRUISE,42.83,21.74,17.01,2025-04-18T00:38:29Z
384,6118472,OTHER,72.26,41.24,12.66,2024-05-21T05:29:35Z
385,2708202,BULK,11.17,99.68,37.9,2024-06-11T10:48:53Z
386,2174880,OTHER,0.46,0.78,37.6,2024-11-17T07:55:05Z
387,2777242,OTHER,42.15,92.12,27.83,2025-03-18T11:43:15Z
388,8590712,CONTAINER,80.49,52.24,42.7,2024-10-04T12:53:11Z
389,7880473,OTHER,95.88,97.75,93.01,2024-09-01T03:43:01Z
390,3126005,OTHER,81.54,72.39,48.49,2024-12-24T12:07:22Z
391,8444745,CONTAINER,81.01,61.98,73.76,2024-12-16T11:58:10Z
392,7542070,CRUISE,11.88,81.59,10.44,2025-03-25T00:05:43Z
393,9221839,OTHER,78.29,63.71,37.5,2025-01-29T12:32:21Z
394,2108553,TANKER,19.92,3.76,8.53,2025-01-14T20:33:07Z
395,6483138,TANKER,61.65,16.61,43.27,2024-12-02T01:20:42Z
396,2464983,CONTAINER,15.94,80.84,85.35,2024-12-16T21:39:18Z
397,7384696,CRUISE,29.85,21.72,29.59,2024-10-27T06:57:14Z
398,2841750,RORO,89.09,38.67,51.17,2025-04-20T19:36:34Z
399,6612549,CRUISE,24.54,57.82,39.18,2025-04-05T20:49:09Z
400,3051917,OTHER,29.78,20.98,39.44,2024-08-02T07:05:52Z
401,6295123,BULK,10.37,58.63,64.33,2024-09-22T15:52:39Z
402,2272084,BULK,80.79,47.59,66.98,2024-12-02T23:38:57Z
403,1991370,TANKER,78.65,48.23,84.17,2025-02-19T20:27:41Z
404,3819529,OTHER,75.38,27.15,31.33,2025-04-05T00:54:25Z
405,8529442,CRUISE,1.02,70.53,42.31,2024-06-30T06:05:00Z
406,9031701,CRUISE,26.14,11.28,68.87,2024-08-01T02:59:47Z
407,9505960,OTHER,85.1,30.58,94.19,2025-02-16T22:36:16Z
408,9481494,CRUISE,21.18,14.6,21.25,2024-06-07T22:53:46Z
409,5720498,CRUISE,37.92,88.26,81.14,2024-05-19T10:39:57Z
410,5849069,CRUISE,60.9,21.75,76.36,2025-03-28T16:54:49Z
411,5468138,BULK,30.46,63.06,85.81,2024-06-14T20:26:49Z
412,8683260,TANKER,67.71,31.99,60.56,2025-02-18T10:05:05Z
413,8441454,CONTAINER,86.72,75.67,30.27,2024-07-25T20:57:55Z
414,1028596,CONTAINER,32.18,80.48,89.92,2024-07-11T17:33:12Z
415,7277505,CONTAINER,42.78,77.95,53.22,2024-07-27T04:03:07Z
416,4889254,RORO,6.2,8.29,63.5,2024-05-30T03:19:38Z
417,9784539,BULK,35.23,28.9,29.11,2024-08-24T01:00:52Z
418,5843183,TANKER,1.36,28.71,81.77,2025-05-06T12:03:54Z
419,8761665,RORO,13.73,18.8,94.77,2024-07-30T03:00:03Z
420,1397282,TANKER,77.09,81.4,71.84,2025-04-17T03:18:19Z
421,9283218,CRUISE,91.07,63.13,70.3,2025-04-26T02:59:05Z
422,8381265,TANKER,12.14,42.73,55.1,2025-04-06T08:50:35Z
423,8305934,OTHER,63.71,24.57,36.83,2024-06-17T17:14:20Z
424,3749294,CONTAINER,35.83,11.81,81.87,2025-03-07T04:41:22Z
425,5415494,CRUISE,25.22,88.89,99.0,2024-12-01T00:32:34Z
426,5588930,BULK,54.58,17.79,36.61,2024-07-04T10:31:44Z
427,6176291,CONTAINER,6.7,21.17,37.62,2025-05-01T02:46:20Z
428,7906782,BULK,75.22,65.81,80.18,2025-01-04T09:13:43Z
429,8722880,TANKER,49.72,99.44,44.75,2024-05-19T16:40:47Z
430,1593298,RORO,16.35,84.24,38.51,2024-12-08T20:42:47Z
431,2972100,TANKER,72.64,20.93,48.27,2024-06-28T18:01:28Z
432,5429547,RORO,99.07,96.04,69.71,2024-09-24T04:32:37Z
433,9939248,RORO,5.48,80.72,69.12,2024-06-01T19:37:10Z
434,3722908,OTHER,65.94,8.77,88.75,2025-02-22T16:52:04Z
435,2328259,OTHER,64.21,43.77,15.72,2024-09-25T21:57:24Z
436,3560224,OTHER,14.94,11.49,48.68,2024-08-13T21:23:46Z
437,1516307,BULK,77.87,47.51,30.75,2025-03-23T19:35:26Z
438,5521395,CRUISE,67.97,49.58,63.05,2024-08-02T00:25:58Z
439,6684018,OTHER,56.76,58.72,79.8,2024-05-27T02:47:12Z
440,7708431,TANKER,24.25,11.97,25.65,2024-11-14T10:32:49Z
441,7456126,RORO,59.37,3.99,77.09,2025-03-21T01:42:00Z
442,7735869,RORO,90.96,40.73,56.16,2024-06-30T13:00:11Z
443,3648789,CONTAINER,80.82,51.87,61.5,2024-11-10T13:42:37Z
444,9897467,OTHER,44.36,80.01,97.42,2025-02-12T17:19:01Z
445,6544851,CRUISE,27.0,70.11,18.32,2025-04-28T01:12:34Z
446,8057276,RORO,88.34,48.66,81.2,2024-07-04T13:25:43Z
447,9595512,TANKER,80.28,36.48,42.62,2024-09-06T00:35:03Z
448,3594427,RORO,7.34,98.28,53.72,2024-10-02T05:20:22Z
449,3840720,CRUISE,43.95,90.26,96.37,2024-06-02T15:36:34Z
450,8111446,CONTAINER,71.77,53.45,32.33,2025-02-01T05:40:02Z
451,6561917,RORO,81.29,95.16,73.69,2025-01-13T01:50:59Z
452,5695203,OTHER,55.0,7.02,5.95,2024-10-08T01:25:03Z
453,6857845,CRUISE,50.6,21.25,41.86,2025-03-19T23:11:58Z
454,4689263,OTHER,51.09,73.94,35.14,2025-01-25T01:24:16Z
455,9539587,OTHER,19.49,10.64,48.12,2024-12-22T08:34:58Z
456,5415427,OTHER,13.87,46.1,76.14,2025-02-19T03:37:07Z
457,1011252,BULK,76.37,64.65,79.72,2024-11-22T13:17:29Z
458,3238680,TANKER,5.56,35.42,28.64,2024-08-15T16:01:42Z
459,2086659,OTHER,97.21,21.08,16.26,2024-12-17T16:57:58Z
460,5224442,CRUISE,10.0,11.5,29.96,2024-10-09T05:27:39Z
461,5877362,OTHER,59.36,58.92,21.88,2024-08-06T20:58:09Z
462,8335343,OTHER,78.43,81.23,6.81,2024-09-19T03:42:28Z
463,7989501,RORO,56.13,74.57,81.3,2024-10-03T07:49:40Z
464,8258034,BULK,95.99,31.19,31.11,2025-02-10T08:59:55Z
465,8558620,OTHER,31.35,2.16,5.96,2024-05-31T11:09:53Z
466,7804334,CRUISE,15.59,54.67,7.05,2024-09-23T13:51:21Z
467,3647547,RORO,91.92,53.94,54.86,2025-05-05T23:29:28Z
468,8605250,TANKER,13.88,6.71,35.16,2025-02-01T04:24:22Z
469,3217048,CRUISE,88.63,38.77,3.57,2025-03-11T02:51:01Z
470,9505996,BULK,0.39,75.75,2.97,2024-10-05T23:43:24Z
471,3866650,BULK,58.11,54.26,58.42,2025-04-05T04:17:59Z
472,9856587,TANKER,84.85,97.23,82.45,2025-03-17T19:08:14Z
473,1409455,BULK,32.7,5.76,35.95,2024-06-21T09:05:20Z
474,2520792,RORO,9.25,51.48,0.54,2024-12-22T21:06:01Z
475,6506179,CONTAINER,64.61,23.16,10.53,2024-11-18T01:59:28Z
476,6052528,OTHER,50.56,92.99,85.69,2025-01-30T12:02:22Z
477,2618281,TANKER,53.73,61.86,69.32,2024-09-08T03:07:56Z
478,1352957,BULK,52.77,69.69,65.7,2025-03-08T12:49:47Z
479,7197640,OTHER,24.42,31.53,86.19,2024-09-04T15:02:01Z
480,6682857,BULK,94.08,29.74,89.53,2025-04-23T11:53:22Z
481,2558087,TANKER,89.27,54.8,94.7,2024-09-15T03:08:27Z
482,4833072,CONTAINER,73.83,4.55,84.74,2024-09-23T21:03:38Z
483,3770714,TANKER,5.05,88.13,87.33,2024-07-10T04:45:01Z
484,5473463,CONTAINER,66.66,70.44,93.34,2025-04-14T22:42:31Z
485,1789357,CRUISE,62.09,67.86,46.37,2025-01-22T23:47:14Z
486,8604971,CRUISE,39.82,47.71,92.23,2025-04-15T19:19:40Z
487,4211597,CRUISE,60.08,42.44,68.33,2025-03-29T22:42:48Z
488,7213411,BULK,27.26,6.71,87.74,2024-05-24T11:19:29Z
489,1561975,TANKER,17.14,55.96,78.9,2024-07-16T11:58:41Z
490,2108965,CONTAINER,9.36,29.95,17.65,2024-12-31T04:03:42Z
491,8093003,CONTAINER,51.72,99.13,98.68,2025-03-23T09:23:47Z
492,8890675,BULK,0.17,55.04,11.82,2024-12-10T09:02:47Z
493,8719027,OTHER,90.8,3.64,51.64,2025-03-13T20:45:11Z
494,9661068,CONTAINER,37.24,54.61,54.56,2025-01-07T23:22:20Z
495,3249195,CONTAINER,61.44,93.31,51.67,2025-03-31T03:40:05Z
496,7532303,CONTAINER,87.14,79.19,31.25,2025-01-14T09:43:44Z
497,8803311,RORO,46.2,83.21,57.85,2025-01-12T04:01:18Z
498,4795568,OTHER,10.59,66.42,0.37,2025-01-17T02:50:03Z
499,4007213,CONTAINER,40.59,90.19,70.55,2024-07-31T22:46:31Z
500,6732054,BULK,77.96,25.67,46.41,2025-03-15T19:59:49Z
501,6476377,BULK,40.57,84.3,28.14,2024-06-22T11:30:59Z
502,6673424,BULK,7.29,57.84,42.76,2024-12-26T13:07:48Z
503,1128921,BULK,21.89,56.64,50.34,2024-09-17T23:38:56Z
504,1117541,OTHER,56.48,32.88,28.76,2024-11-08T20:07:29Z
505,3847022,CRUISE,66.56,81.94,14.84,2025-03-29T11:04:20Z
506,1495367,BULK,28.03,41.14,60.63,2025-05-10T02:42:41Z
507,5162597,TANKER,16.08,71.57,38.68,2025-04-02T11:11:24Z
508,5944557,TANKER,98.17,14.06,6.42,2025-04-02T06:34:22Z
509,5424161,OTHER,78.9,60.64,4.19,2024-11-30T02:23:47Z
510,5853061,OTHER,83.1,12.45,52.5,2024-08-15T06:57:14Z
511,2597317,RORO,76.23,8.03,54.71,2024-10-17T23:40:12Z
512,2680424,CONTAINER,94.02,5.99,45.65,2025-02-07T21:56:28Z
513,9684390,CRUISE,3.74,32.76,10.5,2024-06-18T14:04:16Z
514,6838348,RORO,96.94,1.15,71.25,2024-06-02T09:24:23Z
515,3123662,BULK,64.68,15.38,58.91,2025-05-13T01:08:50Z
516,4949638,BULK,55.14,96.28,85.03,2025-02-17T06:31:58Z
517,3921632,OTHER,6.2,37.08,33.77,2025-01-25T19:01:16Z
518,7605854,BULK,21.08,36.68,41.72,2025-02-19T21:32:59Z
519,9653059,TANKER,37.49,32.44,15.58,2024-10-21T20:06:07Z
520,4968441,BULK,7.5,40.85,94.2,2024-12-17T17:01:09Z
521,1118948,CRUISE,25.19,80.3,7.82,2025-03-29T13:38:03Z
522,8114691,OTHER,70.05,76.51,29.01,2025-03-07T05:43:57Z
523,2401828,CONTAINER,94.9,62.38,44.74,2025-01-02T21:35:27Z
524,9434643,BULK,92.95,32.19,29.22,2024-08-01T19:27:48Z
525,6975347,CONTAINER,79.06,26.14,30.85,2024-09-02T07:11:16Z
526,2956365,BULK,12.44,1.2,86.62,2024-08-12T09:23:47Z
527,8434877,TANKER,26.9,87.39,50.09,2024-11-14T02:47:07Z
528,7527337,RORO,20.55,63.24,58.53,2024-09-19T08:56:03Z
529,1511529,RORO,87.41,61.87,81.43,2025-01-14T10:00:49Z
530,7771406,RORO,78.14,19.59,75.12,2024-12-08T03:07:02Z
531,8245795,TANKER,39.06,16.62,21.11,2025-01-17T18:44:43Z
532,6980719,OTHER,84.57,43.52,61.17,2024-06-12T12:31:27Z
533,2215952,CONTAINER,23.41,88.96,75.63,2024-08-24T09:23:09Z
534,4597671,CONTAINER,84.34,86.51,24.84,2025-04-03T16:26:33Z
535,8751110,BULK,95.25,35.07,23.98,2025-03-27T11:16:57Z
536,2040788,CONTAINER,70.4,49.63,35.59,2024-09-15T03:15:44Z
537,9626707,RORO,69.8,69.66,40.14,2024-12-03T15:57:45Z
538,6817293,OTHER,97.23,12.92,19.42,2025-05-01T08:04:59Z
539,1751487,OTHER,74.79,74.94,76.41,2025-02-23T05:39:34Z
540,8364091,CONTAINER,63.4,10.1,98.06,2024-06-19T02:29:53Z
541,9149763,BULK,96.06,7.68,33.79,2024-06-19T11:25:47Z
542,6283497,CONTAINER,11.75,98.87,54.77,2024-07-24T02:16:43Z
543,8321649,TANKER,81.05,42.41,61.2,2024-10-05T13:34:39Z
544,1771772,CRUISE,24.84,60.82,0.2,2025-03-07T21:36:22Z
545,7665416,BULK,46.82,29.5,76.91,2025-03-10T14:27:44Z
546,9041152,OTHER,9.67,81.77,82.08,2025-01-17T01:02:11Z
547,7178293,TANKER,32.7,25.89,90.53,2024-12-01T13:21:48Z
548,1522836,OTHER,11.54,75.28,25.11,2025-04-06T04:35:18Z
549,3902800,TANKER,21.24,81.03,37.59,2024-10-11T15:51:33Z
550,1484859,TANKER,64.32,50.18,13.8,2024-09-12T11:38:30Z
551,1972426,TANKER,22.56,50.63,3.84,2025-02-14T02:19:59Z
552,5645371,OTHER,11.23,86.47,71.36,2024-12-25T08:20:01Z
553,7771195,CONTAINER,8.13,39.39,66.04,2024-10-03T00:54:07Z
554,8031125,CONTAINER,5.93,37.74,94.93,2024-11-11T05:15:39Z
555,7081150,OTHER,82.18,82.48,68.36,2024-12-21T03:50:34Z
556,6227057,BULK,16.82,56.95,45.01,2024-12-30T05:51:28Z
557,4846106,RORO,70.77,70.0,72.57,2025-05-15T03:29:38Z
558,6428933,BULK,49.22,95.66,40.84,2025-01-29T05:12:42Z
559,8969668,CONTAINER,12.8,72.47,17.59,2025-02-19T00:32:30Z
560,5175178,OTHER,38.8,99.76,20.52,2024-08-29T06:39:39Z
561,7764394,RORO,8.54,63.78,35.17,2024-09-04T02:07:03Z
562,3179234,RORO,44.19,11.69,11.73,2024-09-20T09:07:01Z
563,8648670,CONTAINER,50.11,53.28,52.76,2024-07-21T20:16:44Z
564,7743982,OTHER,97.04,79.87,81.0,2024-10-20T18:08:21Z
565,9782337,CRUISE,17.22,30.14,41.14,2024-06-30T07:58:20Z
566,2197277,RORO,72.96,62.34,4.0,2024-10-29T10:36:57Z
567,8179568,CONTAINER,8.31,48.66,69.86,2024-08-12T05:12:00Z
568,5031047,RORO,79.49,57.41,97.54,2024-08-22T07:05:10Z
569,6156512,RORO,80.65,30.36,44.8,2025-03-02T10:20:32Z
570,2439490,CONTAINER,1.46,93.25,60.09,2024-12-24T00:06:13Z
571,7116037,BULK,56.95,60.35,32.81,2024-07-27T14:10:36Z
572,5326571,BULK,16.81,4.21,23.91,2024-07-08T00:53:07Z
573,5489170,OTHER,44.17,13.38,45.91,2025-03-09T21:37:24Z
574,3570166,TANKER,73.1,19.08,64.55,2025-02-26T14:48:48Z
575,1197315,TANKER,18.22,42.23,13.56,2024-09-26T21:25:28Z
576,5185127,CRUISE,91.42,34.09,82.99,2024-06-27T22:41:37Z
577,9429609,CONTAINER,29.87,48.69,59.03,2024-10-03T04:04:22Z
578,9492360,BULK,68.84,33.46,50.22,2024-10-02T11:37:44Z
579,5174667,CRUISE,25.1,23.32,60.39,2025-02-23T14:00:38Z
580,3953259,TANKER,8.59,79.49,75.84,2024-08-11T03:06:56Z
581,4077538,OTHER,80.29,71.35,16.4,2025-01-05T08:43:15Z
582,3780047,RORO,52.08,11.71,60.5,2025-02-04T06:23:51Z
583,9993749,TANKER,66.57,19.95,14.48,2025-04-27T02:21:08Z
584,2043301,OTHER,4.04,53.22,23.01,2024-10-07T02:59:46Z
585,2623632,RORO,16.93,57.86,95.04,2025-03-19T14:11:22Z
586,1654093,CRUISE,37.45,4.69,26.23,2024-09-14T03:20:20Z
587,7636265,CONTAINER,38.24,62.58,27.64,2024-10-07T07:26:36Z
588,8046984,CONTAINER,48.95,52.39,77.56,2024-11-27T03:55:46Z
589,3220038,OTHER,13.08,54.35,2.14,2024-07-21T03:37:44Z
590,6557873,CONTAINER,45.11,4.05,33.76,2024-11-20T07:12:11Z
591,3433863,RORO,57.83,55.25,4.41,2024-12-15T10:58:06Z
592,4420874,CRUISE,13.28,4.36,57.36,2024-09-25T14:25:06Z
593,5584614,TANKER,18.18,21.76,97.88,2024-08-11T10:59:12Z
594,5413979,CONTAINER,85.38,27.21,79.52,2025-03-21T07:11:15Z
595,3699011,TANKER,60.23,75.34,18.79,2025-01-28T17:56:15Z
596,6437031,TANKER,15.54,11.5,99.43,2025-01-10T21:06:08Z
597,9962441,TANKER,78.88,92.91,67.07,2024-08-25T15:34:14Z
598,3004616,CRUISE,88.18,54.22,3.25,2024-10-17T01:12:40Z
599,1513162,TANKER,75.6,43.14,62.58,2024-07-11T16:59:39Z
600,4941034,TANKER,87.51,30.07,32.06,2024-06-01T14:31:47Z
601,7791460,CRUISE,1.9,31.82,28.2,2025-01-11T13:34:10Z
602,7054856,TANKER,47.94,52.88,83.7,2024-11-10T07:55:03Z
603,2431247,RORO,74.67,96.25,40.25,2025-01-07T02:42:41Z
604,5056373,TANKER,58.3,29.16,60.77,2024-08-14T15:27:49Z
605,6014569,TANKER,42.53,11.38,46.81,2025-04-02T03:22:16Z
606,2199207,CONTAINER,73.37,85.32,8.85,2024-05-28T14:34:34Z
607,5839422,RORO,40.83,48.32,91.33,2024-10-13T00:06:52Z
608,4170955,CONTAINER,78.78,46.35,31.75,2024-12-29T15:30:36Z
609,8000115,CRUISE,17.24,89.46,19.54,2024-06-30T17:34:20Z
610,6572107,RORO,88.95,47.6,18.05,2024-11-19T02:52:59Z
611,5675444,CONTAINER,67.88,24.32,22.96,2024-06-16T21:35:14Z
612,2371337,TANKER,61.13,60.12,55.96,2024-12-09T07:02:22Z
613,6262783,BULK,76.59,97.54,97.51,2024-09-04T01:15:34Z
614,7708887,BULK,92.07,84.56,24.69,2025-04-01T21:43:19Z
615,6911536,CRUISE,33.34,52.6,13.57,2025-03-15T06:52:41Z
616,5506049,BULK,67.87,23.74,76.64,2024-07-31T04:15:39Z
617,5391551,BULK,68.08,14.63,62.6,2025-03-24T01:56:44Z
618,8658612,CONTAINER,8.54,86.8,68.34,2025-01-07T18:22:40Z
619,5622436,BULK,15.41,80.44,4.94,2025-04-30T04:13:51Z
620,5073701,OTHER,11.35,72.0,43.28,2024-08-09T07:47:58Z
621,4641087,BULK,13.54,73.19,23.15,2024-06-18T07:28:14Z
622,1650307,TANKER,32.81,60.64,36.28,2024-06-11T17:43:27Z
623,3882617,OTHER,31.23,30.25,70.03,2024-12-28T13:00:02Z
624,3902594,CONTAINER,16.4,75.99,32.08,2025-03-06T20:08:51Z
625,6829143,CRUISE,54.5,3.15,78.76,2024-10-14T14:33:49Z
626,4591150,OTHER,2.82,19.28,15.57,2024-06-05T08:10:52Z
627,7219536,BULK,76.0,92.57,88.61,2024-09-20T23:00:37Z
628,3697541,OTHER,1.09,37.06,89.94,2024-09-03T12:51:23Z
629,9788826,BULK,68.2,33.14,10.5,2025-01-21T02:44:48Z
630,4681080,BULK,39.43,5.83,89.11,2024-07-19T15:16:13Z
631,8722570,CRUISE,7.58,47.83,90.88,2024-10-09T04:32:13Z
632,4231779,RORO,7.98,20.57,58.85,2024-09-15T21:59:58Z
633,7609416,TANKER,60.76,68.66,96.91,2024-06-27T04:06:22Z
634,1018631,RORO,13.62,64.87,2.76,2025-04-07T04:55:22Z
635,8643298,OTHER,34.3,14.76,82.08,2025-02-21T11:43:20Z
636,4871509,CONTAINER,58.09,94.83,4.61,2025-04-09T11:46:56Z
637,8063929,BULK,61.1,37.33,66.88,2024-09-12T07:10:00Z
638,4942094,CONTAINER,68.61,69.86,84.02,2024-11-16T17:54:11Z
639,1946657,TANKER,14.21,13.08,70.99,2024-08-12T19:42:05Z
640,1322620,OTHER,37.55,57.11,30.93,2024-12-22T22:01:49Z
641,4642564,BULK,56.6,1.58,86.71,2024-06-09T01:44:59Z
642,9520734,OTHER,73.97,58.98,20.76,2024-10-23T15:43:27Z
643,1185824,CRUISE,82.21,85.82,2.14,2024-06-05T18:35:11Z
644,8787622,RORO,87.05,34.74,47.96,2025-04-24T11:46:40Z
645,7077988,BULK,70.9,16.19,96.59,2024-11-12T04:37:36Z
646,2073936,CRUISE,8.19,4.53,4.69,2024-06-05T16:00:41Z
647,4184050,RORO,27.29,46.06,34.21,2025-02-26T10:52:49Z
648,7078880,CRUISE,99.4,52.26,25.95,2025-01-13T07:06:55Z
649,5099674,TANKER,35.77,5.36,84.75,2024-06-03T07:32:30Z
650,3619640,BULK,9.49,70.78,77.87,2024-07-19T06:30:29Z
651,8099906,TANKER,94.66,99.13,61.94,2024-10-26T14:48:02Z
652,6310162,CONTAINER,89.08,36.19,36.8,2025-01-14T13:20:50Z
653,1437793,TANKER,22.92,37.26,78.46,2024-10-20T05:49:16Z
654,8782822,BULK,19.71,24.75,84.27,2024-06-02T02:42:29Z
655,6744257,OTHER,17.35,60.3,73.54,2024-09-16T13:31:46Z
656,7299124,RORO,96.81,34.31,82.77,2024-07-15T14:49:36Z
657,2135047,BULK,37.25,43.17,0.02,2025-03-02T13:42:56Z
658,2458485,CONTAINER,4.28,94.53,59.71,2025-03-29T10:32:53Z
659,6365206,OTHER,50.52,63.49,48.35,2025-03-08T22:38:47Z
660,7524246,BULK,84.38,34.43,72.3,2025-02-17T20:21:56Z
661,1028407,CONTAINER,11.43,55.94,10.01,2024-05-23T20:43:52Z
662,7760119,OTHER,44.01,0.32,91.09,2025-04-14T00:21:26Z
663,6730283,CRUISE,55.4,69.98,71.95,2024-08-20T11:25:48Z
664,7888360,CONTAINER,73.8,54.76,41.37,2025-01-22T07:53:14Z
665,3555920,RORO,85.77,26.88,17.42,2024-07-06T02:44:31Z
666,6197632,CONTAINER,48.8,71.15,76.34,2024-06-01T18:07:37Z
667,5122023,CRUISE,78.21,43.55,41.49,2025-03-16T18:58:19Z
668,2065849,BULK,83.81,32.28,43.71,2025-03-24T19:32:55Z
669,6415190,TANKER,56.22,1.1,79.72,2024-05-31T14:55:37Z
670,7675390,TANKER,11.62,39.37,29.27,2025-04-19T12:36:42Z
671,9664896,RORO,23.88,18.71,59.22,2024-12-01T08:01:31Z
672,8377970,OTHER,67.72,34.31,93.82,2025-05-15T13:57:25Z
673,3812335,RORO,95.16,30.16,88.15,2024-10-19T04:19:45Z
674,4901394,RORO,93.38,4.92,80.45,2024-11-22T08:06:51Z
675,3519436,OTHER,56.35,21.51,77.13,2024-05-29T15:15:51Z
676,9545152,TANKER,27.16,71.85,71.27,2025-03-24T17:36:27Z
677,6320832,BULK,88.92,27.96,71.06,2024-07-06T00:52:46Z
678,7914263,OTHER,85.12,67.34,63.44,2025-04-02T21:49:37Z
679,3735367,RORO,82.49,49.87,62.82,2024-06-28T02:06:38Z
680,7398614,BULK,41.2,8.0,87.37,2024-10-04T13:51:21Z
681,7420381,RORO,6.31,98.18,58.3,2024-11-09T18:47:30Z
682,3441411,OTHER,61.55,5.32,60.05,2025-04-14T16:55:32Z
683,5015086,RORO,51.72,80.66,13.83,2024-11-07T22:28:12Z
684,7764180,TANKER,73.23,24.55,83.22,2024-11-29T14:19:02Z
685,1068560,TANKER,37.45,27.42,32.59,2024-09-10T22:45:26Z
686,9302963,OTHER,29.99,98.96,8.64,2024-08-10T07:11:04Z
687,5978984,TANKER,26.52,47.78,0.69,2025-01-08T00:43:26Z
688,5680817,RORO,15.98,88.85,27.12,2025-03-05T05:52:17Z
689,4416793,TANKER,38.34,73.41,85.3,2024-08-24T00:41:19Z
690,9981903,OTHER,27.61,99.15,89.36,2024-12-19T14:38:52Z
691,4212763,TANKER,6.57,92.17,53.22,2024-09-29T06:04:44Z
692,1123369,TANKER,82.39,8.75,7.59,2024-11-07T09:13:27Z
693,1986783,TANKER,49.23,6.05,88.23,2024-11-11T03:55:37Z
694,9064131,CONTAINER,81.19,92.36,48.87,2024-10-30T13:26:01Z
695,8877389,CONTAINER,70.76,98.94,67.45,2024-09-17T05:57:01Z
696,8182723,CONTAINER,29.93,82.86,69.75,2024-11-01T06:38:49Z
697,9176517,BULK,1.1,59.67,47.73,2025-01-23T11:41:45Z
698,9720023,RORO,93.74,46.26,40.87,2024-05-24T03:31:44Z
699,6647648,TANKER,41.18,65.07,81.18,2025-05-09T02:54:28Z
700,2245104,RORO,72.12,82.7,14.34,2024-06-16T05:32:21Z
701,1736257,BULK,26.78,76.45,77.94,2025-01-06T04:32:26Z
702,8259182,CRUISE,86.35,87.32,85.77,2025-03-13T10:53:23Z
703,5817034,RORO,47.49,12.5,15.09,2024-09-16T06:13:51Z
704,4102741,CRUISE,12.12,9.54,80.31,2024-08-07T00:42:36Z
705,6804230,RORO,3.44,11.0,45.58,2024-09-23T08:11:43Z
706,1918554,RORO,72.92,33.46,93.61,2024-10-27T15:19:58Z
707,4576649,CRUISE,60.18,52.35,98.39,2024-11-11T21:10:36Z
708,1492278,CONTAINER,65.55,12.55,16.28,2024-09-30T14:44:34Z
709,2924303,BULK,14.0,1.79,72.97,2025-04-01T06:29:48Z
710,2915714,CRUISE,61.38,23.79,48.99,2024-05-25T20:59:35Z
711,3842490,TANKER,47.16,82.16,23.13,2024-09-21T06:39:32Z
712,6694559,BULK,26.94,77.51,96.74,2024-06-04T19:49:53Z
713,6408757,CRUISE,24.12,32.57,61.91,2025-01-22T07:06:03Z
714,4781241,CRUISE,57.79,58.08,27.4,2025-02-24T09:27:47Z
715,6155386,CONTAINER,47.34,78.48,80.45,2025-01-17T12:56:11Z
716,9572377,TANKER,73.65,39.36,63.25,2024-07-16T04:52:13Z
717,6530566,CONTAINER,29.91,82.47,86.78,2024-12-20T02:42:10Z
718,1737728,RORO,31.31,73.55,37.61,2024-06-24T14:26:12Z
719,9149911,CONTAINER,26.74,15.77,60.8,2024-11-11T09:59:01Z
720,1394513,RORO,69.12,70.31,21.56,2024-07-25T22:41:00Z
721,7508090,RORO,0.59,50.93,93.31,2025-05-02T10:54:39Z
722,5808578,CONTAINER,53.79,42.89,74.24,2024-07-07T19:14:49Z
723,2431461,CRUISE,73.8,86.07,67.11,2025-02-16T09:49:43Z
724,7999016,CRUISE,88.16,94.72,65.55,2024-09-12T04:07:33Z
725,7640335,TANKER,85.58,80.15,28.88,2024-10-03T23:42:16Z
726,1208401,TANKER,66.52,23.08,66.37,2024-11-29T05:41:12Z
727,4076035,RORO,55.06,14.73,80.88,2024-11-01T18:31:22Z
728,8585430,BULK,43.85,53.54,60.56,2024-06-06T06:28:35Z
729,8639818,CONTAINER,50.22,64.33,18.69,2025-05-16T01:22:18Z
730,8062711,CONTAINER,32.91,8.99,92.27,2024-10-18T16:48:25Z
731,7591830,RORO,36.07,33.96,65.88,2024-05-22T04:09:45Z
732,2834654,RORO,69.46,26.2,47.13,2025-02-02T20:47:17Z
733,7745951,CONTAINER,11.7,1.0,65.82,2025-03-02T18:43:36Z
734,3606677,TANKER,3.88,17.23,88.19,2024-06-15T23:40:05Z
735,1197972,OTHER,86.7,20.16,67.07,2024-12-18T13:23:24Z
736,7574845,TANKER,86.8,4.04,32.5,2025-04-12T03:14:35Z
737,2559660,RORO,5.87,17.23,37.98,2025-02-13T01:05:51Z
738,7330958,TANKER,22.79,5.03,77.68,2025-04-15T17:36:21Z
739,8513923,CRUISE,6.02,48.18,15.61,2025-01-13T14:55:42Z
740,9516630,CONTAINER,81.39,88.8,29.93,2025-03-03T18:50:23Z
741,6822190,BULK,5.62,0.12,75.73,2025-04-23T21:33:43Z
742,3044256,RORO,72.77,29.58,14.59,2024-05-24T00:52:36Z
743,7343246,CRUISE,28.01,7.43,3.04,2024-09-24T18:49:07Z
744,1949323,TANKER,52.0,91.84,60.56,2024-12-18T05:40:12Z
745,2936643,OTHER,88.33,96.47,91.39,2025-02-02T04:44:41Z
746,5021610,BULK,96.08,38.56,11.17,2024-10-13T13:43:39Z
747,2430444,RORO,87.69,65.45,15.98,2025-03-18T20:26:50Z
748,4965225,TANKER,74.94,36.3,67.35,2024-10-22T19:32:44Z
749,3324649,OTHER,77.38,16.31,55.23,2024-11-03T06:32:17Z
750,9258542,OTHER,1.59,73.9,21.83,2025-03-03T16:05:50Z
751,3988957,CRUISE,79.87,33.16,87.14,2024-10-26T18:37:56Z
752,3665857,CONTAINER,22.75,99.93,87.38,2025-03-18T13:46:00Z
753,5291984,OTHER,72.68,31.16,99.15,2024-08-11T03:11:51Z
754,3064146,CONTAINER,75.92,60.35,43.2,2025-03-21T03:50:49Z
755,8468447,TANKER,46.25,1.77,53.94,2025-05-02T04:46:00Z
756,3486549,CRUISE,50.76,51.06,53.47,2024-11-21T08:44:12Z
757,9545667,BULK,77.09,14.41,69.96,2024-06-30T03:02:49Z
758,2215125,CONTAINER,95.75,35.64,97.81,2025-03-08T03:20:08Z
759,6588492,BULK,97.03,5.68,37.95,2025-03-14T11:44:17Z
760,3559124,CRUISE,76.4,94.75,48.25,2024-08-07T05:45:44Z
761,1921162,OTHER,99.15,94.98,3.51,2024-08-27T07:22:14Z
762,4087848,CONTAINER,7.11,21.63,93.78,2025-04-15T00:50:57Z
763,2961732,CONTAINER,24.97,72.2,98.82,2024-11-06T08:37:15Z
764,2867691,CRUISE,16.67,98.53,77.27,2024-10-02T18:02:48Z
765,2461804,BULK,1.77,27.37,94.23,2024-11-29T19:47:33Z
766,3849848,OTHER,64.18,63.32,16.69,2024-09-23T16:16:46Z
767,9394283,TANKER,53.45,80.93,37.38,2025-03-23T08:23:46Z
768,1945471,CONTAINER,98.04,73.42,78.55,2025-05-01T07:31:46Z
769,2070533,OTHER,76.66,36.8,76.07,2025-02-17T14:45:22Z
770,9954694,CONTAINER,50.52,66.61,76.45,2024-09-25T10:04:37Z
771,8774451,CONTAINER,92.11,7.55,45.63,2024-08-24T21:41:15Z
772,3959379,RORO,82.81,27.65,55.28,2024-11-15T23:55:30Z
773,1789722,BULK,33.01,84.54,47.13,2024-08-22T04:24:02Z
774,9544338,OTHER,81.33,18.69,15.34,2024-06-07T13:11:18Z
775,6688288,CONTAINER,99.57,85.58,81.0,2024-06-20T09:39:14Z
776,2661463,BULK,36.91,14.92,66.12,2025-03-20T04:56:56Z
777,2138607,RORO,0.81,41.45,77.86,2024-11-04T10:37:30Z
778,1929979,OTHER,19.48,81.13,2.61,2025-04-14T11:53:31Z
779,1247786,CONTAINER,6.29,51.45,23.11,2024-05-25T00:00:58Z
780,2039817,BULK,54.25,92.6,34.85,2024-10-05T23:54:36Z
781,9147685,TANKER,42.1,11.84,26.14,2024-10-19T23:43:07Z
782,5212606,OTHER,88.27,14.55,40.87,2025-01-19T18:37:52Z
783,6382251,CONTAINER,87.69,2.98,38.27,2024-07-18T07:23:38Z
784,4156308,CRUISE,48.96,35.58,85.54,2025-05-09T18:09:42Z
785,3127172,CRUISE,61.0,35.77,57.92,2025-02-05T07:47:39Z
786,5414087,RORO,54.64,68.41,24.05,2024-05-28T11:18:01Z
787,9269669,BULK,44.06,32.65,89.64,2024-10-23T12:38:31Z
788,7904496,BULK,81.23,4.15,6.68,2024-06-20T08:11:05Z
789,9983402,CONTAINER,75.0,77.8,26.58,2024-12-28T06:48:22Z
790,1345744,BULK,17.65,11.67,63.34,2025-04-18T05:16:42Z
791,1797359,OTHER,75.3,24.07,29.25,2024-06-30T16:01:17Z
792,9368623,CONTAINER,53.86,0.41,33.9,2024-06-14T04:22:46Z
793,4122370,TANKER,40.35,97.54,68.89,2024-06-22T12:23:52Z
794,3884602,TANKER,66.9,80.08,45.94,2024-12-21T06:12:26Z
795,7979922,CONTAINER,40.95,89.89,77.76,2024-10-24T22:54:45Z
796,2284166,TANKER,72.16,13.84,17.33,2024-11-08T09:35:46Z
797,7966777,OTHER,16.0,48.57,46.25,2025-04-03T17:27:16Z
798,2789661,OTHER,30.65,39.94,27.88,2024-06-23T12:31:18Z
799,8566917,OTHER,27.14,31.59,35.07,2025-02-26T21:52:22Z
800,4607102,BULK,69.12,0.25,75.83,2024-11-24T15:25:01Z
801,5209578,OTHER,41.54,99.95,74.21,2024-08-28T18:10:45Z
802,5339887,CONTAINER,78.55,71.01,73.0,2024-11-25T05:48:44Z
803,9502679,CONTAINER,32.44,33.49,56.9,2025-05-10T21:27:46Z
804,8007299,CONTAINER,69.91,96.39,35.37,2024-12-08T05:47:37Z
805,1357762,CONTAINER,9.01,37.94,44.24,2025-02-12T19:10:23Z
806,3031862,OTHER,97.9,45.94,32.8,2024-06-30T10:22:17Z
807,9513439,RORO,80.93,84.99,22.49,2024-09-15T17:35:43Z
808,5313437,RORO,98.75,13.65,29.97,2024-07-31T22:21:44Z
809,9942135,CONTAINER,21.92,31.31,16.75,2024-09-17T13:04:59Z
810,5759215,CONTAINER,63.08,98.98,90.68,2025-01-18T16:43:54Z
811,3396528,RORO,15.49,93.74,77.08,2024-06-19T12:42:18Z
812,3640557,TANKER,21.07,94.15,29.64,2024-05-19T17:35:27Z
813,9882291,CRUISE,53.0,7.1,10.19,2024-07-02T04:32:18Z
814,5309371,CRUISE,29.59,98.84,80.48,2025-02-26T09:28:53Z
815,3057142,CRUISE,63.25,95.39,30.24,2024-06-14T08:23:40Z
816,4819848,CONTAINER,92.54,56.52,63.11,2025-02-23T15:03:26Z
817,3753346,TANKER,18.52,64.85,40.31,2025-01-07T00:21:54Z
818,2876221,RORO,2.13,95.58,84.99,2025-03-13T19:47:39Z
819,6324298,CRUISE,10.78,25.18,20.65,2025-01-20T13:48:30Z
820,4599861,RORO,62.48,11.54,9.08,2024-12-13T10:10:18Z
821,1833266,CONTAINER,75.77,90.76,15.17,2025-02-27T20:54:49Z
822,4332250,CONTAINER,18.52,84.1,60.34,2025-01-12T07:01:48Z
823,3310388,BULK,84.4,56.0,53.47,2025-05-01T20:40:50Z
824,4646090,BULK,23.3,72.77,8.16,2025-02-19T15:18:16Z
825,7046980,CRUISE,41.57,2.62,7.26,2024-07-18T00:11:14Z
826,7212102,OTHER,71.39,63.99,27.08,2025-01-30T21:49:32Z
827,8851603,CONTAINER,62.31,37.57,38.27,2024-10-26T04:12:35Z
828,1449272,BULK,74.43,35.65,77.5,2024-10-08T18:59:19Z
829,1464672,RORO,63.37,80.78,70.43,2024-08-24T16:07:05Z
830,8292918,TANKER,55.24,42.47,19.79,2024-08-06T02:02:28Z
831,9490526,BULK,72.98,45.46,8.54,2024-05-24T15:43:45Z
832,3764373,BULK,88.98,59.03,50.82,2024-11-05T18:14:40Z
833,8252902,CRUISE,21.54,1.01,51.87,2024-09-24T04:51:47Z
834,6312722,OTHER,13.54,55.72,74.33,2024-08-31T18:16:15Z
835,9286477,TANKER,10.86,15.21,93.75,2024-06-23T07:15:18Z
836,1839286,BULK,91.46,47.71,3.12,2025-05-15T03:17:11Z
837,9807401,TANKER,12.19,22.24,95.53,2025-01-11T18:13:22Z
838,3033655,RORO,79.4,95.45,19.87,2024-10-08T03:55:54Z
839,5517393,TANKER,93.17,84.29,19.33,2025-03-01T14:05:31Z
840,7070802,TANKER,12.6,84.0,49.73,2025-04-28T20:34:20Z
841,2047694,RORO,56.48,77.72,7.61,2025-01-30T06:40:50Z
842,5154453,RORO,53.86,68.13,83.2,2024-08-17T13:10:44Z
843,3841860,BULK,8.18,10.4,9.32,2024-11-25T10:31:27Z
844,9579164,RORO,51.26,98.76,7.2,2024-06-09T17:05:19Z
845,8988094,CRUISE,15.46,50.58,33.98,2025-04-26T17:17:20Z
846,9665475,BULK,67.86,28.38,84.05,2024-08-12T16:33:45Z
847,9172372,RORO,14.75,11.32,28.47,2024-06-04T02:24:59Z
848,3229718,CRUISE,92.73,67.05,70.44,2025-03-29T05:40:50Z
849,2590903,RORO,63.07,68.36,67.99,2025-02-19T18:08:22Z
850,2626340,BULK,34.88,41.86,56.32,2024-11-17T08:55:55Z
851,1282033,OTHER,47.54,68.77,87.16,2024-11-20T19:45:06Z
852,8173660,TANKER,59.27,12.32,76.97,2024-08-31T07:35:11Z
853,5790781,CONTAINER,66.44,65.4,44.41,2025-04-17T23:45:57Z
854,8317216,BULK,53.89,26.09,69.06,2024-06-28T05:35:53Z
855,3968118,OTHER,60.21,78.38,41.67,2024-11-11T05:35:17Z
856,5755353,CRUISE,58.5,60.94,33.3,2024-10-29T12:06:36Z
857,2805635,OTHER,92.89,81.52,97.26,2024-08-01T21:23:33Z
858,7120970,CRUISE,7.94,97.93,2.93,2024-10-17T13:05:13Z
859,7646936,BULK,19.43,76.52,5.81,2024-08-16T01:44:39Z
860,8581945,CRUISE,97.41,37.58,13.18,2024-07-25T00:37:03Z
861,2036689,RORO,74.27,0.03,58.76,2024-12-16T15:46:25Z
862,3434915,CONTAINER,90.25,16.06,22.93,2024-11-05T09:36:32Z
863,3652921,CONTAINER,84.01,44.83,36.07,2024-09-19T05:09:19Z
864,6971725,CRUISE,2.44,2.46,4.3,2025-03-15T02:26:59Z
865,3211736,BULK,24.04,45.89,29.85,2025-02-06T11:41:19Z
866,5081446,BULK,78.24,97.52,21.61,2024-10-01T11:10:52Z
867,7120613,BULK,84.14,16.24,1.22,2025-02-23T06:28:48Z
868,7649932,OTHER,88.82,36.68,91.62,2025-03-08T18:38:19Z
869,8462387,BULK,78.49,70.48,60.24,2024-10-16T19:04:42Z
870,8222392,TANKER,96.55,82.48,19.69,2024-08-16T01:42:30Z
871,3035048,CRUISE,18.16,14.43,53.07,2025-03-16T12:12:25Z
872,9580059,RORO,16.85,11.84,3.96,2024-06-23T10:31:16Z
873,7627443,CONTAINER,38.13,8.19,63.8,2024-10-02T07:00:02Z
874,1842852,RORO,86.29,34.01,38.21,2024-06-02T00:24:44Z
875,4796949,TANKER,84.3,48.87,57.94,2024-09-06T19:20:58Z
876,7279097,CRUISE,6.56,74.66,89.7,2025-01-28T11:36:31Z
877,5122967,OTHER,82.94,72.65,64.07,2024-09-26T22:57:04Z
878,7689277,TANKER,75.79,53.43,88.86,2024-09-19T09:04:33Z
879,1993453,RORO,43.35,17.11,70.14,2024-11-16T02:10:21Z
880,2717723,CRUISE,92.69,99.97,70.67,2024-05-20T11:13:46Z
881,3471421,CONTAINER,87.98,25.28,56.01,2024-05-19T13:41:39Z
882,3064972,CRUISE,81.09,51.73,55.31,2024-05-31T03:18:51Z
883,9410081,TANKER,39.02,89.66,43.4,2025-03-08T16:43:26Z
884,5882557,OTHER,89.03,92.29,34.24,2024-05-27T19:25:10Z
885,5677660,BULK,83.94,31.18,48.81,2024-12-15T16:47:22Z
886,2635484,TANKER,41.86,67.31,20.97,2024-12-26T00:00:13Z
887,7063396,TANKER,16.44,13.76,83.97,2024-11-01T15:11:43Z
888,1801839,CONTAINER,58.04,39.61,25.4,2025-02-26T19:33:19Z
889,4139840,BULK,18.03,1.99,91.33,2024-05-28T08:12:23Z
890,6976987,RORO,60.86,2.02,62.08,2025-04-09T06:02:19Z
891,2279144,CRUISE,29.8,85.16,86.49,2024-11-08T11:01:43Z
892,8801897,CONTAINER,65.54,52.12,36.65,2025-02-11T06:38:12Z
893,7665499,OTHER,38.45,0.83,23.95,2024-07-07T09:39:27Z
894,2608014,RORO,23.45,92.19,67.88,2025-04-25T00:11:44Z
895,7677613,RORO,30.06,37.11,76.33,2024-09-15T07:21:47Z
896,4716728,BULK,38.01,81.73,15.01,2025-02-13T11:44:26Z
897,8119186,CONTAINER,96.38,29.49,22.66,2024-08-25T21:18:02Z
898,9143507,RORO,17.47,75.95,41.51,2025-02-25T15:35:12Z
899,2876933,TANKER,96.18,30.91,61.77,2024-06-12T11:22:54Z
900,4528197,TANKER,5.65,3.38,61.55,2024-08-19T13:30:06Z
901,2865770,RORO,41.4,91.5,19.66,2025-02-27T13:43:13Z
902,5268495,OTHER,95.84,43.74,48.71,2025-01-06T22:52:43Z
903,5902756,OTHER,43.51,94.59,78.32,2025-03-03T09:31:51Z
904,4777437,TANKER,94.88,70.34,68.01,2025-03-08T07:13:36Z
905,8273070,CRUISE,76.63,82.27,77.22,2024-09-26T22:20:35Z
906,5226654,OTHER,75.85,96.31,89.07,2025-01-26T06:06:15Z
907,4151025,BULK,66.51,38.23,1.44,2024-10-17T21:40:18Z
908,2071252,CONTAINER,86.48,15.65,79.51,2024-12-10T18:25:58Z
909,2040904,BULK,45.7,69.07,9.38,2025-02-17T00:44:36Z
910,6093305,CONTAINER,46.54,38.94,61.23,2024-11-04T02:53:05Z
911,8337844,RORO,78.33,16.96,78.13,2024-06-18T14:29:44Z
912,7896650,TANKER,80.97,37.3,43.3,2024-06-09T17:37:28Z
913,9294836,CONTAINER,47.18,13.6,40.49,2024-07-06T19:34:39Z
914,1686418,CRUISE,91.97,54.76,21.3,2024-05-17T10:32:05Z
915,6934663,BULK,8.3,95.5,79.93,2024-05-27T01:55:04Z
916,1596041,TANKER,97.27,13.71,26.33,2025-05-08T07:16:54Z
917,5304063,OTHER,7.84,25.5,99.84,2024-12-22T15:30:44Z
918,3722605,RORO,49.17,44.79,92.75,2024-08-05T13:45:55Z
919,9096764,RORO,99.01,35.13,4.05,2025-03-31T19:41:57Z
920,8442940,BULK,23.1,57.52,16.15,2025-01-10T05:13:38Z
921,4605017,OTHER,59.14,32.31,74.4,2025-05-03T07:17:30Z
922,6998348,BULK,38.3,66.71,23.01,2024-08-09T17:37:19Z
923,2483403,RORO,63.64,84.95,79.56,2025-02-26T23:23:13Z
924,9351059,OTHER,46.74,95.44,56.12,2025-05-12T05:27:02Z
925,4190409,TANKER,6.34,76.88,56.87,2024-08-15T04:14:13Z
926,5258287,CONTAINER,83.75,51.49,31.73,2024-12-10T12:45:20Z
927,1485460,CONTAINER,88.13,99.87,13.81,2025-04-17T17:41:06Z
928,1859826,RORO,20.77,26.22,10.14,2025-05-16T13:51:06Z
929,7903142,RORO,77.25,21.43,71.63,2024-07-09T23:17:37Z
930,8210753,BULK,66.94,35.44,65.87,2024-11-10T18:36:58Z
931,8580522,RORO,83.89,24.2,43.5,2024-09-21T22:15:42Z
932,5815130,BULK,31.29,69.98,14.82,2025-05-05T23:56:16Z
933,5400921,BULK,51.63,74.6,51.35,2025-05-10T13:12:55Z
934,1624716,TANKER,84.11,84.67,86.97,2025-03-05T04:26:37Z
935,9675896,OTHER,16.66,26.67,18.32,2024-11-13T00:09:50Z
936,5152250,OTHER,0.76,68.07,34.37,2025-02-05T22:49:29Z
937,8482263,CONTAINER,3.62,3.79,20.05,2024-08-16T05:10:02Z
938,3061013,TANKER,98.5,20.17,17.21,2024-09-05T20:48:51Z
939,2463349,TANKER,85.56,12.16,65.88,2025-05-04T22:19:15Z
940,7652160,RORO,38.45,55.56,96.46,2024-11-06T01:25:35Z
941,7565266,BULK,97.35,85.23,83.07,2024-07-15T04:00:50Z
942,2895900,OTHER,92.72,95.81,39.86,2024-09-14T17:49:39Z
943,1534436,BULK,71.52,72.45,50.35,2025-01-26T04:33:07Z
944,7661965,BULK,99.95,7.17,23.11,2024-12-29T17:31:06Z
945,6167265,TANKER,32.9,87.4,96.5,2024-08-15T20:18:15Z
946,8254396,CONTAINER,8.99,46.19,15.13,2025-05-08T16:21:41Z
947,9912293,BULK,20.32,54.45,99.99,2024-08-18T21:44:54Z
948,2776413,CONTAINER,80.55,94.46,64.85,2024-06-19T18:35:19Z
949,3807457,TANKER,86.71,26.89,13.74,2024-10-14T15:24:28Z
950,7804986,RORO,85.97,96.55,26.38,2025-04-08T06:26:26Z
951,1459637,CRUISE,69.41,20.25,19.04,2024-10-17T08:06:49Z
952,6953378,BULK,77.78,46.97,65.38,2024-12-13T21:12:33Z
953,1212686,OTHER,32.4,9.8,35.66,2025-03-29T19:56:27Z
954,3163807,TANKER,11.13,40.22,77.13,2024-05-18T10:46:18Z
955,1887028,OTHER,13.63,6.23,10.38,2024-10-10T21:35:37Z
956,1841119,CONTAINER,19.77,1.03,67.45,2025-05-11T08:36:30Z
957,8917201,OTHER,1.17,31.01,79.33,2025-05-09T22:32:07Z
958,9044182,BULK,4.44,64.3,62.76,2024-05-24T10:17:25Z
959,8812606,RORO,45.28,78.89,32.42,2024-11-07T07:57:02Z
960,4468225,CRUISE,66.39,81.8,56.77,2025-03-21T09:07:43Z
961,2972155,CRUISE,79.15,54.57,69.93,2025-04-17T06:07:13Z
962,9575091,CRUISE,12.7,17.35,2.41,2025-01-24T02:56:33Z
963,4086346,CONTAINER,68.94,33.31,29.0,2024-10-10T11:50:17Z
964,3816730,BULK,18.82,97.21,77.13,2025-01-04T18:06:28Z
965,8546431,TANKER,65.39,88.98,35.26,2024-06-12T07:40:33Z
966,4499856,OTHER,24.79,3.27,60.75,2025-02-20T07:15:53Z
967,1246451,RORO,77.09,15.72,17.62,2024-12-18T07:00:27Z
968,8339138,CRUISE,72.64,22.34,17.62,2025-04-06T17:34:46Z
969,8297411,OTHER,89.69,5.51,34.49,2025-03-05T09:36:44Z
970,7016335,RORO,74.08,29.16,91.17,2025-04-24T12:54:29Z
971,5333001,BULK,21.84,44.83,44.84,2024-12-04T02:34:38Z
972,7132345,OTHER,0.11,16.44,42.57,2025-03-09T22:08:30Z
973,1165245,BULK,62.4,5.0,29.91,2024-12-27T21:06:15Z
974,1188297,BULK,68.96,57.21,75.02,2024-09-06T07:40:10Z
975,1396413,TANKER,9.42,48.21,65.21,2025-05-16T00:08:24Z
976,7384142,RORO,39.98,78.94,29.86,2025-03-08T15:22:24Z
977,6778700,BULK,0.26,30.0,64.73,2024-10-21T04:40:36Z
978,5469153,CONTAINER,7.26,13.58,93.24,2024-08-04T13:45:53Z
979,5415701,OTHER,10.71,84.11,93.75,2024-07-30T10:20:07Z
980,3203276,TANKER,70.57,15.62,55.86,2024-12-10T05:19:15Z
981,9972256,BULK,8.12,92.46,6.63,2024-05-22T22:02:05Z
982,5543944,BULK,31.39,82.32,63.35,2024-12-04T20:04:11Z
983,9374456,OTHER,8.46,87.14,15.78,2024-10-04T06:48:23Z
984,3271441,RORO,84.74,60.68,23.86,2024-06-19T15:37:26Z
985,8989566,TANKER,53.04,73.87,53.66,2024-11-03T13:55:41Z
986,1024087,OTHER,15.74,80.58,60.2,2024-10-13T22:54:56Z
987,2867329,RORO,4.29,78.13,8.07,2024-08-17T20:34:01Z
988,6489244,TANKER,56.58,68.81,36.29,2024-08-16T02:57:32Z
989,5232397,CONTAINER,71.21,9.15,43.19,2024-09-05T00:49:31Z
990,8034583,BULK,14.45,37.08,50.68,2024-12-04T02:09:22Z
991,3024585,CONTAINER,66.82,20.94,68.77,2024-11-09T03:27:14Z
992,7777644,BULK,83.41,36.19,56.89,2024-10-08T02:44:41Z
993,6505283,RORO,21.96,47.07,99.73,2025-03-13T22:09:55Z
994,1789531,RORO,20.42,40.61,84.34,2024-10-28T00:04:15Z
995,6082102,CRUISE,98.85,47.84,33.37,2024-08-13T16:34:56Z
996,8856454,CRUISE,0.14,71.24,33.33,2024-10-05T13:53:16Z
997,9460215,TANKER,73.21,35.44,26.89,2024-12-25T18:51:53Z
998,2920153,TANKER,31.64,6.94,34.83,2024-11-15T09:50:33Z
999,9119703,OTHER,31.79,22.15,39.14,2025-01-02T12:27:47Z
1000,2982673,BULK,35.23,21.24,45.76,2025-01-25T19:40:49Z
